Province_State,Country_Region,Last_Update,Lat,Long_,Confirmed,Deaths,Recovered,Active,FIPS,Incident_Rate,People_Tested,People_Hospitalized,Mortality_Rate,UID,ISO3,Testing_Rate,Hospitalization_Rate,Cases_28_Days,Deaths_28_Days
Australian Capital Territory,Australia,2022-01-02 08:34:12,-35.4735,149.0124,4919,15,,,,1149.0306003270266,,,0.3049400284610693,3601,AUS,,,2760,1
New South Wales,Australia,2022-01-02 08:34:12,-33.8688,151.2093,228307,669,,,,2812.3552599162354,,,0.2930264950264337,3602,AUS,,,145189,39
Northern Territory,Australia,2022-01-02 08:34:12,-12.4634,130.8456,624,1,,,,254.071661237785,,,0.16025641025641027,3603,AUS,,,330,0
Queensland,Australia,2022-01-02 08:34:12,-27.4698,153.0251,19707,7,,,,385.2409344150132,,,0.035520373471355365,3604,AUS,,,17555,0
South Australia,Australia,2022-01-02 08:34:12,-34.9285,138.6007,15473,8,,,,880.8995160831198,,,0.05170296645770051,3605,AUS,,,14514,2
Tasmania,Australia,2022-01-02 08:34:12,-42.8821,147.3272,1490,13,,,,278.24463118580763,,,0.87248322147651,3606,AUS,,,1373,0
Victoria,Australia,2022-01-02 08:34:12,-37.8136,144.9631,191148,1537,,,,2883.120409055944,,,0.8040889781739804,3607,AUS,,,63359,165
Western Australia,Australia,2022-01-02 08:34:12,-31.9505,115.8605,1168,9,,,,44.40051699232113,,,0.7705479452054794,3608,AUS,,,39,0
Antwerp,Belgium,2022-01-02 08:34:12,51.2195,4.4024,303202,0,,,,16216.352093617796,,,0.0,5601,BEL,,,40011,0
Brussels,Belgium,2022-01-02 08:34:12,50.8503,4.3517,249566,0,,,,20485.53053342691,,,0.0,5602,BEL,,,33852,0
East Flanders,Belgium,2022-01-02 08:34:12,51.0362,3.7373,260967,0,,,,17109.729192823495,,,0.0,5603,BEL,,,36466,0
Flemish Brabant,Belgium,2022-01-02 08:34:12,50.9167,4.5833,184728,0,,,,15982.101375359802,,,0.0,5604,BEL,,,28897,0
Hainaut,Belgium,2022-01-02 08:34:12,50.5257,4.0621,252893,0,,,,18776.766356805558,,,0.0,5605,BEL,,,30665,0
Liege,Belgium,2022-01-02 08:34:12,50.4496,5.8492,226576,0,,,,20415.930798342044,,,0.0,5606,BEL,,,22292,0
Limburg,Belgium,2022-01-02 08:34:12,50.9739,5.3420000000000005,139220,0,,,,15867.877862247398,,,0.0,5607,BEL,,,20902,0
Luxembourg,Belgium,2022-01-02 08:34:12,50.0547,5.4677,56074,0,,,,19554.87668786966,,,0.0,5608,BEL,,,7213,0
Namur,Belgium,2022-01-02 08:34:12,50.331,4.8221,100334,0,,,,20235.482986172738,,,0.0,5609,BEL,,,11696,0
Unknown,Belgium,2022-01-02 08:34:12,,,34742,28331,,,,,,,81.54683092510507,5610,BEL,,,4362,1164
Walloon Brabant,Belgium,2022-01-02 08:34:12,50.4,4.35,81063,0,,,,19965.321819914832,,,0.0,5611,BEL,,,12400,0
West Flanders,Belgium,2022-01-02 08:34:12,51.0536,3.1458,215978,0,,,,17984.00426330931,,,0.0,5612,BEL,,,29120,0
Acre,Brazil,2022-01-02 08:34:12,-9.0238,-70.812,88386,1851,,,,10021.827005391551,,,2.094223067001561,7601,BRA,,,158,2
Alagoas,Brazil,2022-01-02 08:34:12,-9.5713,-36.782,242091,6383,,,,7253.973728312554,,,2.636611852567836,7602,BRA,,,492,25
Amapa,Brazil,2022-01-02 08:34:12,0.902,-52.003,127013,2022,,,,15018.13224299452,,,1.5919630274066434,7603,BRA,,,2120,18
Amazonas,Brazil,2022-01-02 08:34:12,-3.4168,-65.8561,433850,13836,,,,10467.845245267514,,,3.1891206638239025,7604,BRA,,,3366,27
Bahia,Brazil,2022-01-02 08:34:12,-12.5797,-41.7007,1271029,27507,,,,8545.845025611401,,,2.1641520374436776,7605,BRA,,,8448,166
Ceara,Brazil,2022-01-02 08:34:12,-5.4984,-39.3206,957035,24806,,,,10479.9258175412,,,2.59196372128501,7606,BRA,,,5214,133
Distrito Federal,Brazil,2022-01-02 08:34:12,-15.7998,-47.8645,519811,11108,,,,17239.296805458092,,,2.136930538214852,7607,BRA,,,1749,65
Espirito Santo,Brazil,2022-01-02 08:34:12,-19.1834,-40.3089,629925,13330,,,,15675.040125415251,,,2.1161249355081955,7608,BRA,,,7735,122
Goias,Brazil,2022-01-02 08:34:12,-15.827,-49.8362,947907,24695,,,,13506.11553649189,,,2.6052133806375517,7609,BRA,,,7949,115
Maranhao,Brazil,2022-01-02 08:34:12,-4.9609,-45.2744,370694,10377,,,,5239.357127400698,,,2.799343933271108,7610,BRA,,,4620,68
Mato Grosso,Brazil,2022-01-02 08:34:12,-12.6819,-56.9211,557939,14057,,,,16012.180919544055,,,2.5194510511005683,7611,BRA,,,4460,54
Mato Grosso do Sul,Brazil,2022-01-02 08:34:12,-20.7722,-54.7852,380515,9729,,,,13692.584273544377,,,2.556798023730996,7612,BRA,,,1248,39
Minas Gerais,Brazil,2022-01-02 08:34:12,-18.5122,-44.555,2224553,56659,,,,10508.64454186354,,,2.5469835962550684,7613,BRA,,,13115,350
Para,Brazil,2022-01-02 08:34:12,-1.9981,-54.9306,625527,17092,,,,7271.147460758712,,,2.7324160268061966,7614,BRA,,,13865,151
Paraiba,Brazil,2022-01-02 08:34:12,-7.24,-36.782,464511,9597,,,,11560.386219748654,,,2.0660436458985902,7615,BRA,,,2872,56
Parana,Brazil,2022-01-02 08:34:12,-25.2521,-52.0215,1598956,40889,,,,13984.275085169551,,,2.5572310932883706,7616,BRA,,,17093,82
Pernambuco,Brazil,2022-01-02 08:34:12,-8.8137,-36.9541,645887,20454,,,,6758.210753064405,,,3.166807816227916,7617,BRA,,,4576,185
Piaui,Brazil,2022-01-02 08:34:12,-7.7183,-42.7289,334490,7275,,,,10218.96739822811,,,2.174952913390535,7618,BRA,,,1879,71
Rio Grande do Norte,Brazil,2022-01-02 08:34:12,-5.4026,-36.9541,387352,7572,,,,11045.572768519241,,,1.954811127863029,7620,BRA,,,4195,69
Rio Grande do Sul,Brazil,2022-01-02 08:34:12,-30.0346,-51.2177,1507117,36444,,,,13246.772789074748,,,2.4181267944028235,7621,BRA,,,12047,246
Rio de Janeiro,Brazil,2022-01-02 08:34:12,-22.9068,-43.1729,1352852,69472,,,,7835.832414853615,,,5.135225434859096,7619,BRA,,,5854,340
Rondonia,Brazil,2022-01-02 08:34:12,-11.5057,-63.5806,284660,6737,,,,16017.105318685031,,,2.3666830604932203,7622,BRA,,,5592,85
Roraima,Brazil,2022-01-02 08:34:12,-2.7376,-62.0751,129086,2078,,,,21309.724462287933,,,1.6097795268270765,7623,BRA,,,483,22
Santa Catarina,Brazil,2022-01-02 08:34:12,-27.2423,-50.2189,1243870,20188,,,,17360.876553500257,,,1.6229991880180406,7624,BRA,,,8789,155
Sao Paulo,Brazil,2022-01-02 08:34:12,-23.5505,-46.6333,4456469,155213,,,,9705.055085091157,,,3.4828695094703903,7625,BRA,,,12880,865
Sergipe,Brazil,2022-01-02 08:34:12,-10.5741,-37.3857,278538,6057,,,,12117.2177617223,,,2.1745686405445577,7626,BRA,,,231,10
Tocantins,Brazil,2022-01-02 08:34:12,-10.1753,-48.2982,235558,3939,,,,14976.355264847736,,,1.6721996281170668,7627,BRA,,,2206,17
Alberta,Canada,2022-01-02 08:34:12,53.9333,-116.5765,361623,3310,,,,8139.384394668412,,,0.9153178863070104,12401,CAN,,,25231,52
British Columbia,Canada,2022-01-02 08:34:12,53.7267,-127.6476,254849,2423,,,,4887.0283740235745,,,0.9507590769436018,12402,CAN,,,35265,72
Diamond Princess,Canada,2022-01-02 08:34:12,,,0,1,,,,,,,,12413,CAN,,,0,0
Grand Princess,Canada,2022-01-02 08:34:12,,,13,0,,,,,,,0.0,12414,CAN,,,0,0
Manitoba,Canada,2022-01-02 08:34:12,53.7609,-98.8139,80096,1392,,,,5788.2660711898325,,,1.7379145025968838,12403,CAN,,,11788,64
New Brunswick,Canada,2022-01-02 08:34:12,46.5653,-66.4619,14272,160,,,,1808.3562989008205,,,1.1210762331838564,12404,CAN,,,5592,28
Newfoundland and Labrador,Canada,2022-01-02 08:34:12,53.1355,-57.6604,4155,19,,,,798.189617579766,,,0.45728038507821905,12405,CAN,,,2091,1
Northwest Territories,Canada,2022-01-02 08:34:12,64.8255,-124.8457,2229,12,,,,4898.470464135021,,,0.5383580080753702,12406,CAN,,,160,0
Nova Scotia,Canada,2022-01-02 08:34:12,44.682,-63.7443,10199,111,,,,1028.0680002620825,,,1.088341994313168,12407,CAN,,,1818,1
Nunavut,Canada,2022-01-02 08:34:12,70.2998,-83.1076,803,4,,,,2037.915894728828,,,0.49813200498132,12416,CAN,,,129,0
Ontario,Canada,2022-01-02 08:34:12,51.2538,-85.3232,773832,10252,,,,5219.328171146955,,,1.32483536478202,12408,CAN,,,143287,176
Prince Edward Island,Canada,2022-01-02 08:34:12,46.5107,-63.4168,1366,0,,,,831.314889421731,,,0.0,12409,CAN,,,994,0
Quebec,Canada,2022-01-02 08:34:12,52.9399,-73.5491,620189,11732,,,,7207.732702500262,,,1.8916814067969605,12410,CAN,,,166810,146
Repatriated Travellers,Canada,2022-01-02 08:34:12,,,13,0,,,,,,,0.0,,,,,0,0
Saskatchewan,Canada,2022-01-02 08:34:12,52.9399,-106.4509,85188,955,,,,7220.2765789375535,,,1.1210499131333052,12411,CAN,,,3895,26
Yukon,Canada,2022-01-02 08:34:12,64.2823,-135.0,1755,15,,,,4082.724608011911,,,0.8547008547008547,12412,CAN,,,218,1
Antofagasta,Chile,2022-01-02 08:34:12,-23.6509,-70.3975,66965,1286,,,,11022.428374379047,,,1.920406182334055,15201,CHL,,,1332,15
Araucania,Chile,2022-01-02 08:34:12,-38.9489,-72.3311,104150,1557,,,,10880.420883722096,,,1.4949591934709554,15202,CHL,,,2187,21
Arica y Parinacota,Chile,2022-01-02 08:34:12,-18.594,-69.4785,28966,546,,,,12812.958932710513,,,1.884968583856936,15203,CHL,,,371,4
Atacama,Chile,2022-01-02 08:34:12,-27.5661,-70.0503,30824,380,,,,10667.811063735533,,,1.2328056060212822,15204,CHL,,,983,9
Aysen,Chile,2022-01-02 08:34:12,-45.9864,-73.7669,10311,97,,,,9995.346943523527,,,0.9407428959363786,15205,CHL,,,438,14
Biobio,Chile,2022-01-02 08:34:12,-37.4464,-72.1416,167762,2840,,,,10776.044527092346,,,1.6928744292509628,15206,CHL,,,5497,93
Coquimbo,Chile,2022-01-02 08:34:12,-29.959,-71.3389,54839,1093,,,,7238.650133450195,,,1.9931070953153776,15207,CHL,,,1528,30
Los Lagos,Chile,2022-01-02 08:34:12,-41.9198,-72.1416,99380,1509,,,,11992.161292035313,,,1.5184141678406118,15208,CHL,,,3978,67
Los Rios,Chile,2022-01-02 08:34:12,-40.231,-72.3311,53839,723,,,,13990.078916528297,,,1.3428926986013856,15209,CHL,,,1748,16
Magallanes,Chile,2022-01-02 08:34:12,-52.368,-70.9863,30194,508,,,,18130.941014693784,,,1.6824534675763396,15210,CHL,,,481,7
Maule,Chile,2022-01-02 08:34:12,-35.5183,-71.6885,109774,1864,,,,10505.191635963443,,,1.6980341428753618,15211,CHL,,,1620,38
Metropolitana,Chile,2022-01-02 08:34:12,-33.4376,-70.6505,753301,19944,,,,10590.768090464411,,,2.6475472619842533,15212,CHL,,,9322,218
Nuble,Chile,2022-01-02 08:34:12,-36.7226,-71.7622,39501,676,,,,8218.94721072639,,,1.7113490797701325,15213,CHL,,,994,14
OHiggins,Chile,2022-01-02 08:34:12,-34.5755,-71.0022,73210,1629,,,,8004.986031457923,,,2.225105859855211,15214,CHL,,,776,20
Tarapaca,Chile,2022-01-02 08:34:12,-19.9232,-69.5132,45165,829,,,,13663.260305301943,,,1.8354920845787668,15215,CHL,,,936,13
Unknown,Chile,2022-01-02 08:34:12,,,45,0,,,,,,,0.0,15217,CHL,,,-2,0
Valparaiso,Chile,2022-01-02 08:34:12,-33.0472,-71.6127,138268,3634,,,,7614.2875551654215,,,2.6282292359765096,15216,CHL,,,3685,71
Anhui,China,2022-01-02 08:34:12,31.8257,117.2264,1009,6,,,,1.653361909894201,,,0.5946481665014867,15601,CHN,,,1,0
Beijing,China,2022-01-02 08:34:12,40.1824,116.4142,1211,9,,,,5.5314244057315785,,,0.7431874483897605,15602,CHN,,,17,0
Chongqing,China,2022-01-02 08:34:12,30.0572,107.874,611,6,,,,1.906148902549588,,,0.9819967266775778,15603,CHN,,,1,0
Fujian,China,2022-01-02 08:34:12,26.0789,117.9874,1372,1,,,,3.3028337976960374,,,0.0728862973760933,15604,CHN,,,50,0
Gansu,China,2022-01-02 08:34:12,35.7518,104.2861,356,2,,,,1.4228713215528914,,,0.5617977528089888,15605,CHN,,,12,0
Guangdong,China,2022-01-02 08:34:12,23.3417,113.4244,3467,8,,,,2.751314135398144,,,0.2307470435535045,15606,CHN,,,144,0
Guangxi,China,2022-01-02 08:34:12,23.8298,108.7881,630,2,,,,1.256812622643965,,,0.31746031746031744,15607,CHN,,,213,0
Guizhou,China,2022-01-02 08:34:12,26.8154,106.8748,160,2,,,,0.41491464635216896,,,1.25,15608,CHN,,,1,0
Hainan,China,2022-01-02 08:34:12,19.1959,109.7453,190,6,,,,1.8846902838859376,,,3.1578947368421053,15609,CHN,,,0,0
Hebei,China,2022-01-02 08:34:12,37.8957,114.9042,1458,7,,,,1.9541554855041,,,0.4801097393689986,15610,CHN,,,1,0
Heilongjiang,China,2022-01-02 08:34:12,47.862,127.7615,2035,13,,,,6.38930730740838,,,0.6388206388206388,15611,CHN,,,18,0
Henan,China,2022-01-02 08:34:12,33.882,113.614,1642,22,,,,1.652484701458662,,,1.3398294762484777,15612,CHN,,,5,0
Hong Kong,China,2022-01-02 08:34:12,22.3,114.2,12667,213,,,,168.961188146493,,,1.6815346964553564,344,HKG,,,215,0
Hubei,China,2022-01-02 08:34:12,30.9756,112.2707,68317,4512,,,,118.29259784982334,,,6.6045054671604415,15613,CHN,,,6,0
Hunan,China,2022-01-02 08:34:12,27.6104,111.7088,1222,4,,,,1.8391188218851648,,,0.3273322422258593,15614,CHN,,,23,0
Inner Mongolia,China,2022-01-02 08:34:12,44.0935,113.9448,1186,1,,,,4.931566202637889,,,0.08431703204047218,15615,CHN,,,236,0
Jiangsu,China,2022-01-02 08:34:12,32.9711,119.455,1625,0,,,,1.917449017331568,,,0.0,15616,CHN,,,6,0
Jiangxi,China,2022-01-02 08:34:12,27.614,115.7221,959,1,,,,2.122215021542474,,,0.10427528675703858,15617,CHN,,,0,0
Jilin,China,2022-01-02 08:34:12,43.6661,126.1923,589,3,,,,2.446678505156697,,,0.5093378607809848,15618,CHN,,,4,0
Liaoning,China,2022-01-02 08:34:12,41.2956,122.6085,796,2,,,,1.868921587868652,,,0.25125628140703515,15619,CHN,,,10,0
Macau,China,2022-01-02 08:34:12,22.1667,113.55,79,0,,,,12.166162053278551,,,0.0,446,MAC,,,2,0
Ningxia,China,2022-01-02 08:34:12,37.2692,106.1655,122,0,,,,1.693820083541428,,,0.0,15620,CHN,,,0,0
Qinghai,China,2022-01-02 08:34:12,35.7452,95.9956,30,0,,,,0.5064182606322092,,,0.0,15621,CHN,,,0,0
Shaanxi,China,2022-01-02 08:34:12,35.1917,108.8701,2342,3,,,,5.92476424712905,,,0.12809564474807855,15622,CHN,,,1633,0
Shandong,China,2022-01-02 08:34:12,36.3427,118.1498,1045,7,,,,1.0292782583642672,,,0.6698564593301436,15623,CHN,,,24,0
Shanghai,China,2022-01-02 08:34:12,31.202,121.4491,3121,7,,,,12.548804536386811,,,0.2242870874719641,15624,CHN,,,244,0
Shanxi,China,2022-01-02 08:34:12,37.5777,112.2922,266,0,,,,0.7618367666776952,,,0.0,15625,CHN,,,1,0
Sichuan,China,2022-01-02 08:34:12,30.6171,102.7103,1325,3,,,,1.5835101546502626,,,0.22641509433962265,15626,CHN,,,48,0
Tianjin,China,2022-01-02 08:34:12,39.3054,117.323,594,3,,,,4.28385702043032,,,0.5050505050505051,15627,CHN,,,59,0
Tibet,China,2022-01-02 08:34:12,31.6927,88.0924,1,0,,,,0.027411529289219045,,,0.0,15628,CHN,,,0,0
Unknown,China,2022-01-02 08:34:12,,,0,0,,,,,,,,15699,CHN,,,0,0
Xinjiang,China,2022-01-02 08:34:12,41.1129,85.2401,981,3,,,,3.794626754362128,,,0.3058103975535168,15629,CHN,,,0,0
Yunnan,China,2022-01-02 08:34:12,24.974,101.487,1818,2,,,,3.850938026439168,,,0.11001100110011,15630,CHN,,,82,0
Zhejiang,China,2022-01-02 08:34:12,29.1832,120.0934,2025,1,,,,3.1362484843014418,,,0.04938271604938271,15631,CHN,,,524,0
Amazonas,Colombia,2022-01-02 08:34:12,-1.4429,-71.5724,7082,259,,,,9246.758672916476,,,3.6571589946342837,17001,COL,,,158,2
Antioquia,Colombia,2022-01-02 08:34:12,7.1986,-75.3412,796911,16910,,,,12437.932157159354,,,2.1219433537747627,17002,COL,,,24850,306
Arauca,Colombia,2022-01-02 08:34:12,7.0762,-70.7105,14527,485,,,,5540.9766033245105,,,3.3386108625318367,17003,COL,,,345,9
Atlantico,Colombia,2022-01-02 08:34:12,10.6966,-74.8741,344411,9750,,,,13583.462465445904,,,2.830920034493672,17004,COL,,,4532,63
Bolivar,Colombia,2022-01-02 08:34:12,8.6704,-74.03,162694,3051,,,,7859.19588814121,,,1.8752996422732249,17005,COL,,,1920,20
Boyaca,Colombia,2022-01-02 08:34:12,5.4545,-73.362,107213,2584,,,,8806.892858081646,,,2.4101554848759013,17006,COL,,,737,8
Caldas,Colombia,2022-01-02 08:34:12,5.2983,-75.2479,101997,2293,,,,10217.529589133035,,,2.248105336431464,17007,COL,,,658,6
Capital District,Colombia,2022-01-02 08:34:12,4.711,-74.0721,1484791,27730,,,,20030.728900086688,,,1.867602915157756,17008,COL,,,20820,91
Caqueta,Colombia,2022-01-02 08:34:12,0.8699,-73.8419,23118,944,,,,5758.065600801018,,,4.083398217838913,17009,COL,,,107,2
Casanare,Colombia,2022-01-02 08:34:12,5.7589,-71.5724,36229,940,,,,8615.613644578887,,,2.594606530679842,17010,COL,,,252,5
Cauca,Colombia,2022-01-02 08:34:12,2.705,-76.82600000000002,57801,1600,,,,3946.840124330141,,,2.7681181986470818,17011,COL,,,804,12
Cesar,Colombia,2022-01-02 08:34:12,9.3373,-73.6536,93303,2561,,,,7771.532616898249,,,2.7448206381359657,17012,COL,,,1216,31
Choco,Colombia,2022-01-02 08:34:12,5.2528,-76.82600000000002,16596,404,,,,3103.065296002812,,,2.4343215232586166,17013,COL,,,82,3
Cordoba,Colombia,2022-01-02 08:34:12,8.0493,-75.574,105097,3742,,,,5888.502972069994,,,3.5605202812639747,17014,COL,,,473,0
Cundinamarca,Colombia,2022-01-02 08:34:12,5.026,-74.03,268272,6861,,,,9190.355799469693,,,2.5574789765611023,17015,COL,,,1846,13
Guainia,Colombia,2022-01-02 08:34:12,2.5854,-68.5247,2574,35,,,,5349.794238683126,,,1.3597513597513595,17016,COL,,,56,5
Guaviare,Colombia,2022-01-02 08:34:12,1.0654,-73.2603,5186,97,,,,6265.782256213225,,,1.870420362514462,17017,COL,,,26,0
Huila,Colombia,2022-01-02 08:34:12,2.5359,-75.5277,90030,3195,,,,8181.674430608897,,,3.5488170609796734,17018,COL,,,945,33
La Guajira,Colombia,2022-01-02 08:34:12,11.3548,-72.5205,47166,1448,,,,5356.364131916052,,,3.0700080566509773,17019,COL,,,1001,42
Magdalena,Colombia,2022-01-02 08:34:12,10.4113,-74.4057,101572,3489,,,,7570.1362254853,,,3.435001772141929,17020,COL,,,1242,46
Meta,Colombia,2022-01-02 08:34:12,3.272,-73.0877,91143,2305,,,,8766.093244155649,,,2.528992901265045,17021,COL,,,846,22
Narino,Colombia,2022-01-02 08:34:12,1.2892,-77.3579,91167,3047,,,,5591.036874950937,,,3.3422181271732097,17022,COL,,,655,3
Norte de Santander,Colombia,2022-01-02 08:34:12,7.9463,-72.8988,102281,4703,,,,6856.724156308721,,,4.598116952317635,17023,COL,,,2743,151
Putumayo,Colombia,2022-01-02 08:34:12,0.436,-75.5277,17926,719,,,,5148.4568415368985,,,4.010933839116366,17024,COL,,,684,29
Quindio,Colombia,2022-01-02 08:34:12,4.461,-75.6674,59295,1850,,,,10982.508001422475,,,3.11999325406864,17025,COL,,,1086,42
Risaralda,Colombia,2022-01-02 08:34:12,5.3158,-75.9928,89870,2278,,,,9526.171797570705,,,2.5347724490931345,17026,COL,,,1265,27
San Andres y Providencia,Colombia,2022-01-02 08:34:12,12.5567,-81.7185,8438,151,,,,13769.582245430807,,,1.789523583787627,17027,COL,,,266,3
Santander,Colombia,2022-01-02 08:34:12,6.6437,-73.6536,235578,7525,,,,10782.40619323089,,,3.1942711119034883,17028,COL,,,3917,118
Sucre,Colombia,2022-01-02 08:34:12,8.814,-74.7233,59891,1628,,,,6618.792016028947,,,2.7182715266066686,17029,COL,,,213,1
Tolima,Colombia,2022-01-02 08:34:12,4.0925,-75.1545,108758,3692,,,,8176.1436549898635,,,3.3946928042075064,17030,COL,,,570,10
Unknown,Colombia,2022-01-02 08:34:12,,,0,296,,,,,,,,17034,COL,,,0,0
Valle del Cauca,Colombia,2022-01-02 08:34:12,3.8009,-76.6413,434082,13340,,,,9698.23628215732,,,3.0731520772572924,17031,COL,,,16518,146
Vaupes,Colombia,2022-01-02 08:34:12,0.8554,-70.812,1797,17,,,,4404.735642326642,,,0.9460211463550362,17032,COL,,,1,0
Vichada,Colombia,2022-01-02 08:34:12,4.4234,-69.2878,3059,57,,,,2837.4517661027007,,,1.8633540372670807,17033,COL,,,34,4
Faroe Islands,Denmark,2022-01-02 08:34:12,61.8926,-6.9118,6081,14,,,,12444.4899212115,,,0.2302252918927808,234,FRO,,,2285,1
Greenland,Denmark,2022-01-02 08:34:12,71.7069,-42.6043,2611,1,,,,4599.09814697386,,,0.03829950210647262,304,GRL,,,1029,1
French Guiana,France,2022-01-02 08:34:12,4.0,-53.0,47631,338,,,,15947.060753577383,,,0.7096218849068884,254,GUF,,,1537,10
French Polynesia,France,2022-01-02 08:34:12,-17.6797,-149.4068,46382,636,,,,16511.690826759317,,,1.371221594584106,258,PYF,,,59,0
Guadeloupe,France,2022-01-02 08:34:12,16.265,-61.551,55795,831,,,,13944.32267754988,,,1.489380768886101,312,GLP,,,715,8
Martinique,France,2022-01-02 08:34:12,14.6415,-61.0242,48123,777,,,,12823.737891889732,,,1.6146125553269746,474,MTQ,,,2523,56
Mayotte,France,2022-01-02 08:34:12,-12.8275,45.166244,21911,185,,,,8031.508762412347,,,0.8443247683811784,175,MYT,,,938,0
New Caledonia,France,2022-01-02 08:34:12,-20.904305,165.618042,12826,281,,,,4492.610975477335,,,2.190862310930921,540,NCL,,,495,3
Reunion,France,2022-01-02 08:34:12,-21.1151,55.5364,76602,409,,,,8555.938291627015,,,0.533928618051748,638,REU,,,15414,25
Saint Barthelemy,France,2022-01-02 08:34:12,17.9,-62.8333,1895,6,,,,19170.4602933738,,,0.31662269129287607,652,BLM,,,223,0
Saint Pierre and Miquelon,France,2022-01-02 08:34:12,46.8852,-56.3159,100,0,,,,1725.625539257981,,,0.0,666,SPM,,,14,0
St Martin,France,2022-01-02 08:34:12,18.0708,-63.0501,4250,58,,,,10993.559067746191,,,1.3647058823529412,663,MAF,,,219,2
Wallis and Futuna,France,2022-01-02 08:34:12,-14.2938,-178.1165,454,7,,,,2969.4551638432863,,,1.5418502202643172,876,WLF,,,0,0
Baden-Wurttemberg,Germany,2022-01-02 08:34:12,48.6616,9.3501,1023803,13020,,,,9220.9225885192,,,1.271729033808262,27601,DEU,,,147744,1068
Bayern,Germany,2022-01-02 08:34:12,48.7904,11.4979,1333167,19703,,,,10145.726280981018,,,1.477909369193807,27602,DEU,,,147773,1774
Berlin,Germany,2022-01-02 08:34:12,52.52,13.405,331306,4016,,,,9041.977157753852,,,1.2121724327358998,27603,DEU,,,46554,161
Brandenburg,Germany,2022-01-02 08:34:12,52.4125,12.5316,245058,4687,,,,9681.9883756718,,,1.9126084437153652,27604,DEU,,,53635,485
Bremen,Germany,2022-01-02 08:34:12,53.0793,8.8017,48834,600,,,,7180.097922456002,,,1.2286521685710776,27605,DEU,,,8060,45
Hamburg,Germany,2022-01-02 08:34:12,53.5511,9.9937,142325,1995,,,,7682.952240188549,,,1.401721412260671,27606,DEU,,,24768,92
Hessen,Germany,2022-01-02 08:34:12,50.6521,9.1624,482839,8566,,,,7672.4485051533775,,,1.7740903282460614,27607,DEU,,,55375,355
Mecklenburg-Vorpommern,Germany,2022-01-02 08:34:12,53.6127,12.4296,101522,1477,,,,6302.684299597586,,,1.454857075313725,27608,DEU,,,24149,128
Niedersachsen,Germany,2022-01-02 08:34:12,52.6367,9.8451,443516,6826,,,,5541.5802817320255,,,1.5390651070085408,27609,DEU,,,53603,395
Nordrhein-Westfalen,Germany,2022-01-02 08:34:12,51.4332,7.6616,1389292,20348,,,,7750.336530442268,,,1.46463090552598,27610,DEU,,,171732,1155
Rheinland-Pfalz,Germany,2022-01-02 08:34:12,50.1183,7.309,280003,4638,,,,6832.0226157045545,,,1.656410824169741,27611,DEU,,,36071,317
Saarland,Germany,2022-01-02 08:34:12,49.3964,7.023,74623,1248,,,,7583.707574561148,,,1.6724066306634684,27612,DEU,,,10174,123
Sachsen,Germany,2022-01-02 08:34:12,51.1045,13.2017,654956,12983,,,,16144.084915210748,,,1.9822705647402268,27613,DEU,,,115115,1756
Sachsen-Anhalt,Germany,2022-01-02 08:34:12,51.9503,11.6923,226359,4277,,,,10380.183465371416,,,1.8894764511240996,27614,DEU,,,53483,430
Schleswig-Holstein,Germany,2022-01-02 08:34:12,54.2194,9.6961,120680,1886,,,,4145.832438699704,,,1.5628107391448458,27615,DEU,,,20823,79
Thuringen,Germany,2022-01-02 08:34:12,51.011,10.8453,291061,5887,,,,13727.757793114637,,,2.0226000735241065,27616,DEU,,,61918,751
Unknown,Germany,2022-01-02 08:34:12,,,6810,0,,,,,,,0.0,27617,DEU,,,-12815,0
Andaman and Nicobar Islands,India,2022-01-02 08:34:12,11.225999,92.968178,7733,129,,,,1854.2763694261407,,,1.6681753523858789,35601,IND,,,45,0
Andhra Pradesh,India,2022-01-02 08:34:12,15.9129,79.74,2077321,14495,,,,3853.785233890564,,,0.6977737191315159,35602,IND,,,3931,50
Arunachal Pradesh,India,2022-01-02 08:34:12,27.768456,96.384277,55343,282,,,,3524.0038256355792,,,0.5095495365267514,35603,IND,,,57,2
Assam,India,2022-01-02 08:34:12,26.357149,92.830441,620915,6165,,,,1743.7984663650354,,,0.992889525941554,35604,IND,,,3609,52
Bihar,India,2022-01-02 08:34:12,25.679658,85.60484,727177,12096,,,,582.674223701062,,,1.6634189475189671,35605,IND,,,947,2432
Chandigarh,India,2022-01-02 08:34:12,30.733839,76.76827800000002,65965,1079,,,,5694.133570657236,,,1.6357159099522474,35606,IND,,,487,259
Chhattisgarh,India,2022-01-02 08:34:12,21.264705,82.035366,1008466,13601,,,,3425.934522663584,,,1.3486820576995158,35607,IND,,,1568,8
Dadra and Nagar Haveli and Daman and Diu,India,2022-01-02 08:34:12,20.194742,73.080901,10695,4,,,,1736.9795557749899,,,0.03740065451145395,35608,IND,,,12,0
Delhi,India,2022-01-02 08:34:12,28.646519,77.10898,1450927,25108,,,,7754.438824553916,,,1.7304798931993133,35609,IND,,,9683,10
Goa,India,2022-01-02 08:34:12,15.359682,74.057396,181182,3522,,,,11422.033096926714,,,1.9439017120906048,35610,IND,,,2094,137
Gujarat,India,2022-01-02 08:34:12,22.694884,71.590923,832801,10119,,,,1303.851136075224,,,1.215056177886434,35611,IND,,,5186,25
Haryana,India,2022-01-02 08:34:12,29.20004,76.332824,774340,10064,,,,2745.429732046001,,,1.2996874757858303,35612,IND,,,2560,10
Himachal Pradesh,India,2022-01-02 08:34:12,31.927213,77.233081,228940,3877,,,,3072.213935806107,,,1.693456800908535,35613,IND,,,1535,25
Jammu and Kashmir,India,2022-01-02 08:34:12,33.75943,76.612638,341459,4530,,,,2509.561733076982,,,1.3266600089615443,35614,IND,,,4015,51
Jharkhand,India,2022-01-02 08:34:12,23.654536,85.557631,352746,5144,,,,913.9930436761744,,,1.458273091686369,35615,IND,,,3464,3
Karnataka,India,2022-01-02 08:34:12,14.70518,76.166436,3008370,38340,,,,4452.709295779034,,,1.2744443004018788,35616,IND,,,11124,120
Kerala,India,2022-01-02 08:34:12,10.450898,76.405749,5249612,48035,,,,14705.024949548933,,,0.91502000528801,35617,IND,,,92698,6911
Ladakh,India,2022-01-02 08:34:12,34.1526,77.5771,22207,219,,,,8096.205097543102,,,0.9861755302382132,35618,IND,,,538,4
Lakshadweep,India,2022-01-02 08:34:12,13.6999972,72.18333259999999,10417,51,,,,16168.1851340235,,,0.4895843333013344,35637,IND,,,20,0
Madhya Pradesh,India,2022-01-02 08:34:12,23.541513,78.289633,794089,10533,,,,930.2936135647847,,,1.3264256273541126,35619,IND,,,875,5
Maharashtra,India,2022-01-02 08:34:12,19.449759,76.108221,6687991,141533,,,,5431.022939663195,,,2.116225933916478,35620,IND,,,50702,384
Manipur,India,2022-01-02 08:34:12,24.738975,93.882541,125807,2002,,,,4069.3892535932678,,,1.5913263967823732,35621,IND,,,510,22
Meghalaya,India,2022-01-02 08:34:12,25.536934,91.278882,84839,1484,,,,2519.9378621859328,,,1.7491955350723134,35622,IND,,,283,9
Mizoram,India,2022-01-02 08:34:12,23.309381,92.83822,141749,546,,,,11438.344668200934,,,0.3851879025601592,35623,IND,,,5669,42
Nagaland,India,2022-01-02 08:34:12,26.06702,94.470302,32201,702,,,,1431.3495829434655,,,2.1800565199838515,35624,IND,,,71,3
Odisha,India,2022-01-02 08:34:12,20.505428,84.418059,1055132,8462,,,,2276.1333974338872,,,0.8019849649143425,35625,IND,,,5265,44
Puducherry,India,2022-01-02 08:34:12,11.882658,78.86498,129500,1881,,,,9161.383248605276,,,1.4525096525096526,35626,IND,,,472,7
Punjab,India,2022-01-02 08:34:12,30.841465000000003,75.40879,605126,16645,,,,2007.625863626053,,,2.750666803277334,35627,IND,,,1716,38
Rajasthan,India,2022-01-02 08:34:12,26.583423,73.847973,956528,8964,,,,1180.4223848476754,,,0.9371393205426292,35628,IND,,,1680,9
Sikkim,India,2022-01-02 08:34:12,27.571671,88.472712,32510,409,,,,4709.880898397829,,,1.2580744386342664,35629,IND,,,167,6
Tamil Nadu,India,2022-01-02 08:34:12,11.006091,78.400624,2749534,36784,,,,3532.231817346961,,,1.3378267008154836,35630,IND,,,20473,271
Telangana,India,2022-01-02 08:34:12,18.1124,79.0193,682215,4029,,,,1733.1495181787686,,,0.5905762846023614,35631,IND,,,5641,32
Tripura,India,2022-01-02 08:34:12,23.746783,91.743565,85108,829,,,,2041.0600619598956,,,0.9740564929266344,35632,IND,,,264,4
Unknown,India,2022-01-02 08:34:12,,,0,0,,,,,,,,35636,IND,,,0,0
Uttar Pradesh,India,2022-01-02 08:34:12,26.925425,80.560982,1711985,22915,,,,719.6760504572159,,,1.3385047182072274,35633,IND,,,1560,4
Uttarakhand,India,2022-01-02 08:34:12,30.156447,79.197608,345205,7419,,,,3068.254883316455,,,2.1491577468460767,35634,IND,,,870,11
West Bengal,India,2022-01-02 08:34:12,23.814082,87.979803,1642997,19773,,,,1649.4413177451906,,,1.2034714609947552,35635,IND,,,24981,250
Abruzzo,Italy,2022-01-02 08:34:12,42.35122196,13.39843823,110499,2640,,,,8424.876866069932,,,2.3891618928678087,38013,ITA,,,21556,42
Basilicata,Italy,2022-01-02 08:34:12,40.63947052,15.80514834,37137,635,,,,6597.805173139754,,,1.7098850203301292,38017,ITA,,,5384,8
Calabria,Italy,2022-01-02 08:34:12,38.90597598,16.59440194,112976,1625,,,,5802.177665498623,,,1.4383585894349242,38018,ITA,,,18629,120
Campania,Italy,2022-01-02 08:34:12,40.83956555,14.25084984,597150,8471,,,,10292.687029921617,,,1.4185715481872223,38015,ITA,,,101590,228
Emilia-Romagna,Italy,2022-01-02 08:34:12,44.49436681,11.3417208,549175,14231,,,,12314.784895179411,,,2.5913415577912318,38008,ITA,,,87435,409
Friuli Venezia Giulia,Italy,2022-01-02 08:34:12,45.6494354,13.76813649,158419,4225,,,,13036.240351541284,,,2.6669780771245875,38006,ITA,,,24243,212
Lazio,Italy,2022-01-02 08:34:12,41.89277044,12.48366722,517619,9275,,,,8804.418785109649,,,1.7918584905113606,38012,ITA,,,87275,265
Liguria,Italy,2022-01-02 08:34:12,44.41149315,8.9326992,151492,4587,,,,9769.643502037867,,,3.0278826604705205,38007,ITA,,,26875,117
Lombardia,Italy,2022-01-02 08:34:12,45.46679409,9.190347404,1254634,35095,,,,12470.799379836579,,,2.7972301085416147,38003,ITA,,,311168,648
Marche,Italy,2022-01-02 08:34:12,43.61675973,13.5188753,147083,3249,,,,9643.073263701992,,,2.208956847494272,38011,ITA,,,21390,92
Molise,Italy,2022-01-02 08:34:12,41.55774754,14.65916051,17109,512,,,,5598.183347130559,,,2.9925770062540185,38014,ITA,,,1821,7
P.A. Bolzano,Italy,2022-01-02 08:34:12,46.49933453,11.35662422,101608,1307,,,,19087.838472492007,,,1.2863160381072356,38041,ITA,,,11179,59
P.A. Trento,Italy,2022-01-02 08:34:12,46.06893511,11.12123097,64329,1423,,,,11881.577635025064,,,2.2120660977164266,38042,ITA,,,11464,31
Piemonte,Italy,2022-01-02 08:34:12,45.0732745,7.680687483,502219,12059,,,,11528.287308391367,,,2.4011437241522127,38001,ITA,,,98526,158
Puglia,Italy,2022-01-02 08:34:12,41.12559576,16.86736689,312157,6987,,,,7747.651867572851,,,2.2382967545177586,38016,ITA,,,31441,93
Sardegna,Italy,2022-01-02 08:34:12,39.21531192,9.110616306,89125,1729,,,,5435.806856709995,,,1.9399719495091163,38020,ITA,,,9577,31
Sicilia,Italy,2022-01-02 08:34:12,38.11569725,13.362356699999998,378368,7514,,,,7567.524972044391,,,1.9858973274695533,38019,ITA,,,51357,286
Toscana,Italy,2022-01-02 08:34:12,43.76923077,11.25588885,396593,7562,,,,10633.54355017011,,,1.906740663602232,38009,ITA,,,92537,142
Umbria,Italy,2022-01-02 08:34:12,43.10675841,12.38824698,92680,1504,,,,10507.757804572484,,,1.6227880880448855,38010,ITA,,,24652,10
Valle d'Aosta,Italy,2022-01-02 08:34:12,45.73750286,7.320149366,16574,488,,,,13188.929384240766,,,2.944370701098105,38002,ITA,,,3138,8
Veneto,Italy,2022-01-02 08:34:12,45.43490485,12.33845213,659993,12395,,,,13453.17247516946,,,1.8780502217447759,38005,ITA,,,131630,395
Aichi,Japan,2022-01-02 08:34:12,35.035551,137.211621,107109,1161,,,,1418.2416631677042,,,1.0839425258381647,39201,JPN,,,199,0
Akita,Japan,2022-01-02 08:34:12,39.748679,140.408228,1934,27,,,,200.10553652908982,,,1.3960703205791107,39202,JPN,,,1,0
Aomori,Japan,2022-01-02 08:34:12,40.781541,140.828896,5902,38,,,,473.53476613303735,,,0.6438495425279567,39203,JPN,,,5,0
Chiba,Japan,2022-01-02 08:34:12,35.510141,140.198917,100686,1028,,,,1608.5613563767156,,,1.02099596766184,39204,JPN,,,205,0
Ehime,Japan,2022-01-02 08:34:12,33.624835,132.856842,5412,82,,,,404.1173373954145,,,1.5151515151515151,39205,JPN,,,0,0
Fukui,Japan,2022-01-02 08:34:12,35.846614,136.22465400000002,3117,38,,,,405.89267088315836,,,1.2191209496310556,39206,JPN,,,2,0
Fukuoka,Japan,2022-01-02 08:34:12,33.526032,130.666949,74806,627,,,,1465.7269785188296,,,0.8381680613854504,39207,JPN,,,160,2
Fukushima,Japan,2022-01-02 08:34:12,37.378867,140.223295,9523,176,,,,516.0066084391436,,,1.848157093352935,39208,JPN,,,35,0
Gifu,Japan,2022-01-02 08:34:12,35.778671,137.055925,18941,219,,,,953.4442740237404,,,1.1562219523784385,39209,JPN,,,21,1
Gunma,Japan,2022-01-02 08:34:12,36.504479,138.985605,17395,176,,,,895.5157800228163,,,1.0117849956884162,39210,JPN,,,472,0
Hiroshima,Japan,2022-01-02 08:34:12,34.605309000000005,132.788719,22242,202,,,,793.1738973681047,,,0.908191709378653,39211,JPN,,,67,0
Hokkaido,Japan,2022-01-02 08:34:12,43.385711,142.552318,61524,1475,,,,1171.8747767877976,,,2.397438398023536,39212,JPN,,,354,3
Hyogo,Japan,2022-01-02 08:34:12,35.039913,134.828057,78914,1398,,,,1443.6746618760048,,,1.7715487746154042,39213,JPN,,,204,2
Ibaraki,Japan,2022-01-02 08:34:12,36.303588,140.319591,24491,220,,,,856.2367605994742,,,0.8982891674492671,39214,JPN,,,42,0
Ishikawa,Japan,2022-01-02 08:34:12,36.769464,136.771027,8050,134,,,,707.5996199179184,,,1.6645962732919255,39215,JPN,,,81,5
Iwate,Japan,2022-01-02 08:34:12,39.593287,141.361777,3491,53,,,,284.55774949136634,,,1.5181896304783729,39216,JPN,,,4,0
Kagawa,Japan,2022-01-02 08:34:12,34.217292,133.969047,4705,38,,,,491.9762387501608,,,0.8076514346439958,39217,JPN,,,3,0
Kagoshima,Japan,2022-01-02 08:34:12,31.009484000000004,130.430665,9122,66,,,,569.3162151518499,,,0.7235255426441569,39218,JPN,,,19,0
Kanagawa,Japan,2022-01-02 08:34:12,35.415312,139.338983,169849,1319,,,,1846.532412406336,,,0.7765721317169957,39219,JPN,,,531,5
Kochi,Japan,2022-01-02 08:34:12,33.422519,133.367307,4168,33,,,,597.1098621977022,,,0.7917466410748559,39220,JPN,,,1,0
Kumamoto,Japan,2022-01-02 08:34:12,32.608154,130.74523100000002,14396,136,,,,823.7738524474312,,,0.9447068630175048,39221,JPN,,,1,0
Kyoto,Japan,2022-01-02 08:34:12,35.253815,135.443341,36212,292,,,,1401.9590724893987,,,0.8063625317574284,39222,JPN,,,217,1
Mie,Japan,2022-01-02 08:34:12,34.508018,136.376013,14821,163,,,,832.228075751229,,,1.0997908373254166,39223,JPN,,,7,0
Miyagi,Japan,2022-01-02 08:34:12,38.446859,140.927086,16291,118,,,,706.3496020794628,,,0.7243263151433307,39224,JPN,,,9,0
Miyazaki,Japan,2022-01-02 08:34:12,32.193203999999994,131.299374,6139,41,,,,571.9737520043305,,,0.6678612151816257,39225,JPN,,,0,0
Nagano,Japan,2022-01-02 08:34:12,36.132134,138.045528,8962,97,,,,437.4289214609598,,,1.0823476902477125,39226,JPN,,,76,0
Nagasaki,Japan,2022-01-02 08:34:12,33.235712,129.608033,6125,73,,,,461.73307079253755,,,1.1918367346938776,39227,JPN,,,6,0
Nara,Japan,2022-01-02 08:34:12,34.317451,135.871644,15672,149,,,,1178.236899895724,,,0.9507401735579376,39228,JPN,,,25,0
Niigata,Japan,2022-01-02 08:34:12,37.521819,138.918647,8249,62,,,,371.0574304599062,,,0.7516062553036732,39229,JPN,,,217,1
Oita,Japan,2022-01-02 08:34:12,33.200697,131.43323999999998,8187,84,,,,721.045873207954,,,1.0260168559912055,39230,JPN,,,0,0
Okayama,Japan,2022-01-02 08:34:12,34.89246,133.826252,15558,136,,,,823.354957117591,,,0.8741483481167245,39231,JPN,,,15,0
Okinawa,Japan,2022-01-02 08:34:12,25.768923,126.668016,50714,398,,,,3489.8924281294385,,,0.7847931537642465,39232,JPN,,,388,0
Osaka,Japan,2022-01-02 08:34:12,34.620965000000005,135.507481,203860,3064,,,,2314.128728717389,,,1.5029922495830472,39233,JPN,,,661,0
Port Quarantine,Japan,2022-01-02 08:34:12,,,4463,4,,,,,,,0.08962581223392338,39248,JPN,,,0,0
Saga,Japan,2022-01-02 08:34:12,33.286977,130.115738,5875,30,,,,721.1146038288423,,,0.5106382978723404,39234,JPN,,,9,0
Saitama,Japan,2022-01-02 08:34:12,35.997101,139.347635,116103,1059,,,,1579.6986350314223,,,0.9121211338208316,39235,JPN,,,229,2
Shiga,Japan,2022-01-02 08:34:12,35.21582700000001,136.138064,12515,104,,,,885.1134734568508,,,0.8310027966440272,39236,JPN,,,80,0
Shimane,Japan,2022-01-02 08:34:12,35.07076,132.55406399999998,1761,5,,,,261.14190638040407,,,0.2839295854628052,39237,JPN,,,28,0
Shizuoka,Japan,2022-01-02 08:34:12,34.916975,138.40778400000002,26901,209,,,,738.322856308501,,,0.7769227909743133,39238,JPN,,,99,0
Tochigi,Japan,2022-01-02 08:34:12,36.689912,139.819213,15633,117,,,,808.3288951856007,,,0.7484168105929764,39239,JPN,,,143,0
Tokushima,Japan,2022-01-02 08:34:12,33.919178,134.242091,3291,66,,,,452.07472214094673,,,2.005469462169553,39240,JPN,,,0,0
Tokyo,Japan,2022-01-02 08:34:12,35.711343,139.446921,383157,3175,,,,2752.4335586602447,,,0.8286420449058741,39241,JPN,,,917,7
Tottori,Japan,2022-01-02 08:34:12,35.359069,133.863619,1669,5,,,,300.41867815781615,,,0.2995805871779509,39242,JPN,,,0,0
Toyama,Japan,2022-01-02 08:34:12,36.637464,137.26934599999998,4869,52,,,,466.60188480712077,,,1.0679811049496817,39243,JPN,,,1,0
Unknown,Japan,2022-01-02 08:34:12,,,8,0,,,,,,,0.0,39249,JPN,,,0,0
Wakayama,Japan,2022-01-02 08:34:12,33.911879,135.505446,5304,62,,,,573.4469415622536,,,1.1689291101055808,39244,JPN,,,1,0
Yamagata,Japan,2022-01-02 08:34:12,38.448396,140.102154,3607,56,,,,334.70481577780134,,,1.5525367341280842,39245,JPN,,,11,0
Yamaguchi,Japan,2022-01-02 08:34:12,34.201190000000004,131.573293,5865,93,,,,431.7782934413871,,,1.5856777493606138,39246,JPN,,,73,0
Yamanashi,Japan,2022-01-02 08:34:12,35.612364,138.61148899999998,5164,29,,,,636.7793073853576,,,0.5615801704105344,39247,JPN,,,8,0
Johor,Malaysia,2022-01-02 08:34:12,1.4854,103.7618,245366,3861,,,,6511.490897510748,,,1.5735676499596518,45801,MYS,,,11372,79
Kedah,Malaysia,2022-01-02 08:34:12,6.1184,100.3685,168640,2160,,,,7714.900041172972,,,1.2808349146110056,45802,MYS,,,7387,68
Kelantan,Malaysia,2022-01-02 08:34:12,6.1254,102.2381,169393,1246,,,,8952.172074833525,,,0.7355675854374147,45803,MYS,,,10703,63
Melaka,Malaysia,2022-01-02 08:34:12,2.1896,102.2501,76472,954,,,,8198.992173260427,,,1.2475154304843603,45804,MYS,,,4573,15
Negeri Sembilan,Malaysia,2022-01-02 08:34:12,2.7258,101.9424,113661,1320,,,,10039.837470188146,,,1.1613482197059677,45805,MYS,,,4254,39
Pahang,Malaysia,2022-01-02 08:34:12,3.8126,103.3256,95614,771,,,,5701.150796016934,,,0.8063672683916582,45806,MYS,,,7690,53
Perak,Malaysia,2022-01-02 08:34:12,4.5921,101.0901,129203,1399,,,,5138.726484508611,,,1.082792195227665,45807,MYS,,,5287,124
Perlis,Malaysia,2022-01-02 08:34:12,6.4449,100.2048,7191,136,,,,2824.4304791830323,,,1.8912529550827424,45808,MYS,,,677,9
Pulau Pinang,Malaysia,2022-01-02 08:34:12,5.4141,100.3288,161310,1745,,,,9074.59495949595,,,1.0817680243010352,45809,MYS,,,6931,80
Sabah,Malaysia,2022-01-02 08:34:12,5.9788,116.0753,240796,2783,,,,6166.824595999694,,,1.1557500955165367,45810,MYS,,,5944,76
Sarawak,Malaysia,2022-01-02 08:34:12,1.5533,110.3592,252324,1616,,,,8953.692203967212,,,0.6404464101710501,45811,MYS,,,1182,25
Selangor,Malaysia,2022-01-02 08:34:12,3.0738,101.5183,787416,9958,,,,12036.503156575307,,,1.2646428317433225,45812,MYS,,,27569,146
Terengganu,Malaysia,2022-01-02 08:34:12,5.3117,103.1324,82810,711,,,,6624.270058395328,,,0.8585919574930564,45813,MYS,,,5526,101
Unknown,Malaysia,2022-01-02 08:34:12,,,0,0,,,,,,,,45817,MYS,,,0,0
W.P. Kuala Lumpur,Malaysia,2022-01-02 08:34:12,3.139,101.6869,211041,2680,,,,11866.902834008095,,,1.2698954231642192,45814,MYS,,,6886,59
W.P. Labuan,Malaysia,2022-01-02 08:34:12,5.2831,115.2308,10826,151,,,,10891.348088531187,,,1.3947903196009606,45815,MYS,,,271,1
W.P. Putrajaya,Malaysia,2022-01-02 08:34:12,2.9264,101.6964,9409,22,,,,8926.944971537001,,,0.23381868423849506,45816,MYS,,,746,1
Aguascalientes,Mexico,2022-01-02 08:34:12,21.8853,-102.2916,39406,3034,,,,2746.761371359265,,,7.699335126630462,48401,MEX,,,1900,88
Baja California,Mexico,2022-01-02 08:34:12,30.8406,-115.2838,91961,11052,,,,2529.968075869605,,,12.01813812376986,48402,MEX,,,9209,609
Baja California Sur,Mexico,2022-01-02 08:34:12,26.0444,-111.6661,62482,2426,,,,7764.555590350786,,,3.882718222848181,48403,MEX,,,4657,29
Campeche,Mexico,2022-01-02 08:34:12,19.8301,-90.5349,24428,2106,,,,2441.2937217736653,,,8.62125429834616,48404,MEX,,,152,10
Chiapas,Mexico,2022-01-02 08:34:12,16.7569,-93.1292,23660,2297,,,,412.88804015519423,,,9.7083685545224,48405,MEX,,,123,14
Chihuahua,Mexico,2022-01-02 08:34:12,28.633000000000006,-106.0691,81054,8743,,,,2132.1656499154146,,,10.786636069780641,48406,MEX,,,6632,401
Ciudad de Mexico,Mexico,2022-01-02 08:34:12,19.4326,-99.1332,1005736,40332,,,,11151.741752779937,,,4.010197507099279,48407,MEX,,,17473,152
Coahuila,Mexico,2022-01-02 08:34:12,27.0587,-101.7068,102367,7810,,,,3180.3636228065816,,,7.629411822169254,48408,MEX,,,3612,185
Colima,Mexico,2022-01-02 08:34:12,19.1223,-104.0072,33460,2040,,,,4261.589779316898,,,6.096832038254633,48409,MEX,,,79,4
Durango,Mexico,2022-01-02 08:34:12,24.5593,-104.6588,51135,3180,,,,2735.96091163384,,,6.2188325022000575,48410,MEX,,,1078,77
Guanajuato,Mexico,2022-01-02 08:34:12,21.019,-101.2574,204538,13393,,,,3284.075993368844,,,6.547927524469781,48411,MEX,,,6742,345
Guerrero,Mexico,2022-01-02 08:34:12,17.4392,-99.5451,77597,6323,,,,2121.8480041826087,,,8.148510896039795,48412,MEX,,,479,66
Hidalgo,Mexico,2022-01-02 08:34:12,20.0911,-98.7624,63528,7907,,,,2058.3110366917717,,,12.446480292154641,48413,MEX,,,684,41
Jalisco,Mexico,2022-01-02 08:34:12,20.6595,-103.3494,166698,17800,,,,1982.2126681675534,,,10.677992537402968,48414,MEX,,,2743,185
Mexico,Mexico,2022-01-02 08:34:12,19.4969,-99.7233,384693,44836,,,,2207.3538870964135,,,11.65500801938169,48415,MEX,,,4642,423
Michoacan,Mexico,2022-01-02 08:34:12,19.5665,-101.7068,74027,8276,,,,1534.110843844895,,,11.179704702338336,48416,MEX,,,329,58
Morelos,Mexico,2022-01-02 08:34:12,18.6813,-99.1013,50815,4954,,,,2485.986209784654,,,9.749089835678443,48417,MEX,,,275,17
Nayarit,Mexico,2022-01-02 08:34:12,21.7514,-104.8455,34738,2914,,,,2695.854555162269,,,8.388508261845818,48418,MEX,,,440,34
Nuevo Leon,Mexico,2022-01-02 08:34:12,25.5922,-99.9962,210664,13746,,,,3755.0491047213854,,,6.525082595982227,48419,MEX,,,2928,193
Oaxaca,Mexico,2022-01-02 08:34:12,17.0732,-96.7266,84085,5659,,,,2029.27748936732,,,6.730094547184397,48420,MEX,,,718,54
Puebla,Mexico,2022-01-02 08:34:12,19.0414,-98.2063,126801,15731,,,,1919.9324818974355,,,12.406053580019085,48421,MEX,,,884,196
Queretaro,Mexico,2022-01-02 08:34:12,20.5888,-100.3899,100572,5665,,,,4411.755029419158,,,5.632780495565367,48422,MEX,,,1184,51
Quintana Roo,Mexico,2022-01-02 08:34:12,19.1817,-88.4791,62619,4102,,,,3633.7544153258445,,,6.550727415001838,48423,MEX,,,2230,24
San Luis Potosi,Mexico,2022-01-02 08:34:12,22.1565,-100.9855,108935,6835,,,,3800.7537658636593,,,6.2743838068572995,48424,MEX,,,3005,108
Sinaloa,Mexico,2022-01-02 08:34:12,25.1721,-107.4795,75818,9019,,,,2401.831801446713,,,11.895592075760375,48425,MEX,,,957,165
Sonora,Mexico,2022-01-02 08:34:12,29.2972,-110.3309,123642,9169,,,,4021.2115151012517,,,7.415764869542713,48426,MEX,,,4762,395
Tabasco,Mexico,2022-01-02 08:34:12,17.8409,-92.6189,144566,5763,,,,5620.134922736071,,,3.9864145096357375,48427,MEX,,,750,112
Tamaulipas,Mexico,2022-01-02 08:34:12,24.2669,-98.8363,104701,7131,,,,2868.0475165465864,,,6.810823201306577,48428,MEX,,,1274,155
Tlaxcala,Mexico,2022-01-02 08:34:12,19.3139,-98.2404,29688,3000,,,,2151.2871998846385,,,10.105092966855297,48429,MEX,,,194,8
Unknown,Mexico,2022-01-02 08:34:12,,,0,0,,,,,,,,48433,MEX,,,0,0
Veracruz,Mexico,2022-01-02 08:34:12,19.1738,-96.1342,124944,15103,,,,1463.0681385717942,,,12.08781534127289,48430,MEX,,,875,253
Yucatan,Mexico,2022-01-02 08:34:12,20.7099,-89.0943,76274,5725,,,,3376.3032856476348,,,7.5058342292262115,48431,MEX,,,287,33
Zacatecas,Mexico,2022-01-02 08:34:12,22.7709,-102.5832,43284,3454,,,,2597.415066735637,,,7.979853987616671,48432,MEX,,,974,39
Aruba,Netherlands,2022-01-02 08:34:12,12.5211,-69.9683,20982,181,,,,19652.32377348594,,,0.8626441711943571,533,ABW,,,4550,7
"Bonaire, Sint Eustatius and Saba",Netherlands,2022-01-02 08:34:12,12.1784,-68.2385,3429,23,,,,13077.304450631173,,,0.6707494896471274,535,BES,,,403,1
Curacao,Netherlands,2022-01-02 08:34:12,12.1696,-68.99,22141,189,,,,13492.382693479585,,,0.8536199810306669,531,CUW,,,4671,10
Drenthe,Netherlands,2022-01-02 08:34:12,52.862485,6.618435000000002,63896,418,,,,12942.744519751579,,,0.6541880555903343,52801,NLD,,,9529,24
Flevoland,Netherlands,2022-01-02 08:34:12,52.550383,5.515162,73107,309,,,,17282.120745778582,,,0.4226681439533834,52802,NLD,,,10897,28
Friesland,Netherlands,2022-01-02 08:34:12,53.087337,5.7925,98227,581,,,,15112.845926730537,,,0.5914870656744072,52803,NLD,,,16552,56
Gelderland,Netherlands,2022-01-02 08:34:12,52.061738,5.939114,358686,2575,,,,17195.31417789096,,,0.717898105864182,52804,NLD,,,45795,187
Groningen,Netherlands,2022-01-02 08:34:12,53.217922,6.741514,76420,334,,,,13043.938374986772,,,0.43705836168542267,52805,NLD,,,10855,27
Limburg,Netherlands,2022-01-02 08:34:12,51.209227,5.93387,230880,2060,,,,20665.932092792613,,,0.8922383922383922,52806,NLD,,,30200,149
Noord-Brabant,Netherlands,2022-01-02 08:34:12,51.561174,5.184942,482027,3537,,,,18807.470283325307,,,0.7337763237329029,52807,NLD,,,62653,162
Noord-Holland,Netherlands,2022-01-02 08:34:12,52.60090600000001,4.918688,520137,3106,,,,18063.27914272032,,,0.5971503661535327,52808,NLD,,,71503,204
Overijssel,Netherlands,2022-01-02 08:34:12,52.444558,6.441722,202714,1338,,,,17439.173576185945,,,0.6600432135915625,52809,NLD,,,24590,75
Sint Maarten,Netherlands,2022-01-02 08:34:12,18.0425,-63.0548,5301,75,,,,12361.830138519657,,,1.414827391058291,534,SXM,,,703,0
Unknown,Netherlands,2022-01-02 08:34:12,,,15281,19,,,,,,,0.1243374124730057,52813,NLD,,,3657,4
Utrecht,Netherlands,2022-01-02 08:34:12,52.084251,5.163824,247982,1463,,,,18303.496959775144,,,0.5899621746739683,52810,NLD,,,34599,102
Zeeland,Netherlands,2022-01-02 08:34:12,51.47936,3.861559,64723,354,,,,16877.451184913218,,,0.5469462169553327,52811,NLD,,,10699,72
Zuid-Holland,Netherlands,2022-01-02 08:34:12,51.937835,4.462114,714235,4857,,,,19258.386236024737,,,0.6800282820080226,52812,NLD,,,87910,219
Cook Islands,New Zealand,2022-01-02 08:34:12,-21.2367,-159.7777,2,0,,,,11.455409817286213,,,0.0,184,COK,,,0,0
Azad Jammu and Kashmir,Pakistan,2022-01-02 08:34:12,34.027401,73.947253,34665,746,,,,856.9063961085352,,,2.152026539737488,58601,PAK,,,89,4
Balochistan,Pakistan,2022-01-02 08:34:12,28.328492,65.898403,33644,364,,,,272.54445899714267,,,1.0819165378670788,58602,PAK,,,138,4
Gilgit-Baltistan,Pakistan,2022-01-02 08:34:12,35.792146,74.982138,10429,186,,,,1028.9231084942146,,,1.7834883497938439,58603,PAK,,,16,0
Islamabad,Pakistan,2022-01-02 08:34:12,33.665087,73.121219,108720,967,,,,5418.195808573029,,,0.8894407652685798,58604,PAK,,,833,9
Khyber Pakhtunkhwa,Pakistan,2022-01-02 08:34:12,34.485332,72.09169,181430,5932,,,,594.3969950108067,,,3.2695805544838232,58605,PAK,,,1114,74
Punjab,Pakistan,2022-01-02 08:34:12,30.811346,72.13913199999998,445228,13073,,,,404.7069512373881,,,2.9362483940812347,58606,PAK,,,1775,36
Sindh,Pakistan,2022-01-02 08:34:12,26.009446,68.77680699999999,482411,7673,,,,1007.4144556209072,,,1.5905524542350815,58607,PAK,,,5737,47
Amazonas,Peru,2022-01-02 08:34:12,-5.077253,-78.050172,32788,1283,,,,7682.286785379569,,,3.913016957423448,60401,PER,,,611,14
Ancash,Peru,2022-01-02 08:34:12,-9.407125,-77.67179499999997,81076,6760,,,,6867.3555819075045,,,8.337855838965908,60402,PER,,,1947,47
Apurimac,Peru,2022-01-02 08:34:12,-14.027713,-72.975378,26798,1525,,,,6221.964244253541,,,5.6907231882976355,60403,PER,,,255,9
Arequipa,Peru,2022-01-02 08:34:12,-15.843524,-72.475539,117672,9762,,,,7858.421263523441,,,8.295941260452784,60404,PER,,,1387,56
Ayacucho,Peru,2022-01-02 08:34:12,-14.091648,-74.08344,35090,2158,,,,5251.421730020952,,,6.1499002564833285,60405,PER,,,459,21
Cajamarca,Peru,2022-01-02 08:34:12,-6.430284,-78.74559599999998,67352,4186,,,,4633.143014377107,,,6.215108682741418,60406,PER,,,839,44
Callao,Peru,2022-01-02 08:34:12,-11.954609,-77.136042,103791,10107,,,,9185.85715550049,,,9.737838540913952,60407,PER,,,1323,74
Cusco,Peru,2022-01-02 08:34:12,-13.191068,-72.153609,75853,4832,,,,5589.344926681894,,,6.370216075830883,60408,PER,,,885,32
Huancavelica,Peru,2022-01-02 08:34:12,-13.023888,-75.00277,16601,1183,,,,4544.483985765125,,,7.126076742364918,60409,PER,,,224,11
Huanuco,Peru,2022-01-02 08:34:12,-9.421676,-76.040642,36831,2719,,,,4844.271997895567,,,7.382368113817165,60410,PER,,,794,23
Ica,Peru,2022-01-02 08:34:12,-14.235097,-75.574821,61253,8603,,,,6281.070549630845,,,14.045026366055538,60411,PER,,,1091,46
Junin,Peru,2022-01-02 08:34:12,-11.541783,-74.876968,89460,7098,,,,6570.694087403599,,,7.934272300469483,60412,PER,,,1612,49
La Libertad,Peru,2022-01-02 08:34:12,-7.92139,-78.370238,93333,10385,,,,4627.776675922253,,,11.126825452948044,60413,PER,,,2360,100
Lambayeque,Peru,2022-01-02 08:34:12,-6.353049,-79.824113,64507,8679,,,,4921.193164479707,,,13.454353791061434,60414,PER,,,1546,50
Lima,Peru,2022-01-02 08:34:12,-11.766533,-76.60449799999998,1001391,89416,,,,9421.752834360446,,,8.929179511299782,60415,PER,,,23701,551
Loreto,Peru,2022-01-02 08:34:12,-4.124847,-74.424115,45405,4277,,,,4418.548073180225,,,9.419667437506883,60416,PER,,,169,9
Madre de Dios,Peru,2022-01-02 08:34:12,-11.972699,-70.53171999999998,14091,774,,,,8107.5949367088615,,,5.492867787949756,60417,PER,,,98,3
Moquegua,Peru,2022-01-02 08:34:12,-16.860271,-70.839046,30261,1537,,,,15703.684483653347,,,5.079144773801263,60418,PER,,,421,13
Pasco,Peru,2022-01-02 08:34:12,-10.39655,-75.307635,16368,1051,,,,6019.8602427363,,,6.421065493646139,60419,PER,,,305,4
Piura,Peru,2022-01-02 08:34:12,-5.133361,-80.335861,94472,12263,,,,4612.890625,,,12.980565670251506,60420,PER,,,2902,162
Puno,Peru,2022-01-02 08:34:12,-14.995826999999998,-69.922726,42157,4253,,,,3405.2504038772213,,,10.08847878169699,60421,PER,,,734,43
San Martin,Peru,2022-01-02 08:34:12,-7.039531,-76.729127,49367,3043,,,,5487.661182747888,,,6.164036704681264,60422,PER,,,323,20
Tacna,Peru,2022-01-02 08:34:12,-17.644160999999997,-70.27756,31494,1974,,,,8488.948787061994,,,6.267860544865688,60423,PER,,,796,11
Tumbes,Peru,2022-01-02 08:34:12,-3.857496,-80.54525500000003,19556,1593,,,,7775.745526838966,,,8.145837594600122,60424,PER,,,310,11
Ucayali,Peru,2022-01-02 08:34:12,-9.621718,-73.444929,32332,3063,,,,5488.372093023257,,,9.47358653965112,60425,PER,,,132,13
Unknown,Peru,2022-01-02 08:34:12,,,17532,166,,,,,,,0.9468400638831851,60426,PER,,,8961,-86
Adygea Republic,Russia,2022-01-02 08:34:12,44.6939006,40.1520421,27339,739,,,,6030.094226425748,,,2.703098138190863,64301,RUS,,,2748,66
Altai Krai,Russia,2022-01-02 08:34:12,52.6932243,82.69314240000001,119787,6602,,,,5097.145629084967,,,5.511449489510548,64302,RUS,,,13653,742
Altai Republic,Russia,2022-01-02 08:34:12,50.7114101,86.8572186,25353,517,,,,11626.456574476184,,,2.0392064055535832,64303,RUS,,,876,47
Amur Oblast,Russia,2022-01-02 08:34:12,52.8032368,128.437295,54573,611,,,,6835.090127551276,,,1.1196012680263134,64304,RUS,,,7024,72
Arkhangelsk Oblast,Russia,2022-01-02 08:34:12,63.5589686,43.1221646,123578,1504,,,,10699.134566434754,,,1.217045105115797,64305,RUS,,,8419,141
Astrakhan Oblast,Russia,2022-01-02 08:34:12,47.1878186,47.608851,81314,2417,,,,7991.437955644837,,,2.972427872199129,64306,RUS,,,6346,205
Bashkortostan Republic,Russia,2022-01-02 08:34:12,54.8573563,57.1439682,121983,4423,,,,3002.072456994856,,,3.62591508652845,64307,RUS,,,12974,733
Belgorod Oblast,Russia,2022-01-02 08:34:12,50.7080119,37.5837615,81647,1751,,,,5267.9698246827475,,,2.144598086886229,64308,RUS,,,7458,187
Bryansk Oblast,Russia,2022-01-02 08:34:12,52.8873315,33.41585300000001,96653,2913,,,,7981.37379416044,,,3.0138743753427213,64309,RUS,,,6154,539
Buryatia Republic,Russia,2022-01-02 08:34:12,52.7182426,109.492143,76394,2436,,,,7759.588262599402,,,3.1887320993795325,64310,RUS,,,5927,219
Chechen Republic,Russia,2022-01-02 08:34:12,43.39761470000001,45.6985005,30989,935,,,,2156.5351246815367,,,3.0171996514892383,64311,RUS,,,2078,87
Chelyabinsk Oblast,Russia,2022-01-02 08:34:12,54.4223954,61.1865846,145660,6061,,,,4170.011417002287,,,4.1610600027461215,64312,RUS,,,16244,803
Chukotka Autonomous Okrug,Russia,2022-01-02 08:34:12,66.0006475,169.4900869,2964,39,,,,6006.322444678608,,,1.3157894736842106,64313,RUS,,,93,12
Chuvashia Republic,Russia,2022-01-02 08:34:12,55.4259922,47.0849429,46577,3892,,,,3783.3122278386213,,,8.356055563904931,64314,RUS,,,3027,514
Dagestan Republic,Russia,2022-01-02 08:34:12,43.05749160000001,47.1332224,65995,3202,,,,2153.964655984151,,,4.851882718387757,64315,RUS,,,3987,202
Ingushetia Republic,Russia,2022-01-02 08:34:12,43.11542075,45.01713552,28730,478,,,,5886.776370114929,,,1.6637660981552385,64316,RUS,,,2242,48
Irkutsk Oblast,Russia,2022-01-02 08:34:12,56.6370122,104.719221,157011,6940,,,,6530.709863384625,,,4.4200724789982875,64317,RUS,,,15873,627
Ivanovo Oblast,Russia,2022-01-02 08:34:12,56.9167446,41.43521370000001,68137,2510,,,,6715.347027436171,,,3.683754788147409,64318,RUS,,,5276,330
Jewish Autonomous Okrug,Russia,2022-01-02 08:34:12,48.57527615,132.66307460000002,11602,422,,,,7161.1095337439965,,,3.637303913118428,64319,RUS,,,888,78
Kabardino-Balkarian Republic,Russia,2022-01-02 08:34:12,43.4806048,43.5978976,42055,1444,,,,4857.200275343371,,,3.4335988586374984,64320,RUS,,,2697,219
Kaliningrad Oblast,Russia,2022-01-02 08:34:12,54.7293041,21.1489473,82353,1247,,,,8280.020390127076,,,1.5142132041334255,64321,RUS,,,5420,178
Kalmykia Republic,Russia,2022-01-02 08:34:12,46.2313018,45.3275745,34010,730,,,,12348.727184265086,,,2.14642752131726,64322,RUS,,,478,31
Kaluga Oblast,Russia,2022-01-02 08:34:12,54.4382773,35.5272854,65330,1218,,,,6455.176393401156,,,1.8643808357569265,64323,RUS,,,5320,160
Kamchatka Krai,Russia,2022-01-02 08:34:12,57.1914882,160.03838190000005,23800,508,,,,7542.218996884873,,,2.134453781512605,64324,RUS,,,1199,23
Karachay-Cherkess Republic,Russia,2022-01-02 08:34:12,43.7368326,41.7267991,32308,906,,,,6928.512454294936,,,2.8042590070570754,64325,RUS,,,1901,31
Karelia Republic,Russia,2022-01-02 08:34:12,62.61940309999999,33.4920267,90265,1200,,,,14500.774317090882,,,1.3294189331413062,64326,RUS,,,6127,110
Kemerovo Oblast,Russia,2022-01-02 08:34:12,54.53357809999999,87.342861,85251,1718,,,,3163.446791820183,,,2.0152256278518728,64327,RUS,,,9740,127
Khabarovsk Krai,Russia,2022-01-02 08:34:12,51.6312684,136.121524,125392,1237,,,,9440.021922725404,,,0.9865063161924206,64328,RUS,,,13180,157
Khakassia Republic,Russia,2022-01-02 08:34:12,53.72258845,91.44293627,53888,1998,,,,10025.431943041378,,,3.707690023752969,64329,RUS,,,3477,328
Khanty-Mansi Autonomous Okrug,Russia,2022-01-02 08:34:12,61.0259025,69.0982628,96010,1994,,,,6265.9773939251145,,,2.0768669930215604,64330,RUS,,,5387,232
Kirov Oblast,Russia,2022-01-02 08:34:12,57.9665589,49.4074599,79121,752,,,,6165.730752985805,,,0.9504429923787616,64331,RUS,,,6480,63
Komi Republic,Russia,2022-01-02 08:34:12,63.9881421,54.3326073,97462,2638,,,,11590.573130544091,,,2.7066959430342084,64332,RUS,,,6331,292
Kostroma Oblast,Russia,2022-01-02 08:34:12,58.424756,44.2533273,48664,1110,,,,7564.462075097464,,,2.280946901200066,64333,RUS,,,3294,116
Krasnodar Krai,Russia,2022-01-02 08:34:12,45.7684014,39.0261044,119139,9772,,,,2126.183652126737,,,8.202184003558868,64334,RUS,,,17114,700
Krasnoyarsk Krai,Russia,2022-01-02 08:34:12,63.3233807,97.0979974,173158,8650,,,,6019.752497569092,,,4.995437692743044,64335,RUS,,,17589,1024
Kurgan Oblast,Russia,2022-01-02 08:34:12,55.7655302,64.5632681,50640,1006,,,,5989.0933217588345,,,1.9865718799368088,64336,RUS,,,4790,112
Kursk Oblast,Russia,2022-01-02 08:34:12,51.6568453,36.4852695,82038,2036,,,,7356.104576874691,,,2.4817767376094007,64337,RUS,,,4342,207
Leningrad Oblast,Russia,2022-01-02 08:34:12,60.1853296,32.3925325,101906,3009,,,,5618.320711692917,,,2.9527211351637783,64338,RUS,,,9951,194
Lipetsk Oblast,Russia,2022-01-02 08:34:12,52.6935178,39.1122664,84103,2812,,,,7312.0263327887915,,,3.3435192561501967,64339,RUS,,,7986,336
Magadan Oblast,Russia,2022-01-02 08:34:12,62.48858785,153.9903764,13667,348,,,,9484.978242915937,,,2.5462793590400232,64340,RUS,,,746,32
Mari El Republic,Russia,2022-01-02 08:34:12,56.5767504,47.8817512,29414,943,,,,4310.798393159937,,,3.205956347317603,64341,RUS,,,2625,145
Mordovia Republic,Russia,2022-01-02 08:34:12,54.4419829,44.4661144,40449,1028,,,,5024.370975435249,,,2.5414719770575296,64342,RUS,,,3178,118
Moscow,Russia,2022-01-02 08:34:12,55.7504461,37.6174943,2033216,36838,,,,16257.315814504942,,,1.8118094683496493,64343,RUS,,,73277,2262
Moscow Oblast,Russia,2022-01-02 08:34:12,55.50431579999999,38.0353929,642715,12151,,,,8565.667362130558,,,1.890573582380993,64344,RUS,,,45778,1495
Murmansk Oblast,Russia,2022-01-02 08:34:12,68.00004179999999,33.9999151,91902,2777,,,,12195.759577576746,,,3.021697025091946,64345,RUS,,,4478,192
Nenets Autonomous Okrug,Russia,2022-01-02 08:34:12,68.27557185,57.1686375,3509,87,,,,7975.543787076392,,,2.479338842975207,64346,RUS,,,243,7
Nizhny Novgorod Oblast,Russia,2022-01-02 08:34:12,55.47180329999999,44.0911594,231713,9824,,,,7163.238480106049,,,4.239727594049535,64347,RUS,,,14598,801
North Ossetia - Alania Republic,Russia,2022-01-02 08:34:12,42.79336110000001,44.6324493,31029,968,,,,4421.56562381994,,,3.1196622514421994,64348,RUS,,,2170,192
Novgorod Oblast,Russia,2022-01-02 08:34:12,58.2843833,32.5169757,65450,758,,,,10791.85326377301,,,1.158135981665393,64349,RUS,,,4956,119
Novosibirsk Oblast,Russia,2022-01-02 08:34:12,54.9720169,79.48139240000002,94985,4244,,,,3405.885367045688,,,4.468073906406276,64350,RUS,,,10663,385
Omsk Oblast,Russia,2022-01-02 08:34:12,56.09352629999999,73.5099936,130575,3183,,,,6661.71449037055,,,2.437679494543366,64351,RUS,,,13691,308
Orel Oblast,Russia,2022-01-02 08:34:12,52.96854329999999,36.0692477,70534,1505,,,,9439.181421939467,,,2.1337227436413646,64352,RUS,,,6064,186
Orenburg Oblast,Russia,2022-01-02 08:34:12,52.02692620000001,54.7276647,108108,3456,,,,5466.294520963534,,,3.1968031968031965,64353,RUS,,,5848,250
Penza Oblast,Russia,2022-01-02 08:34:12,53.1655415,44.78791810000001,101955,4638,,,,7656.262320195546,,,4.549065764307783,64354,RUS,,,8688,340
Perm Krai,Russia,2022-01-02 08:34:12,58.5951603,56.3159546,160566,7471,,,,6121.179266538116,,,4.652915312083505,64355,RUS,,,17023,539
Primorsky Krai,Russia,2022-01-02 08:34:12,45.0819456,134.726645,102409,1555,,,,5353.215855208237,,,1.5184212325088615,64356,RUS,,,12550,134
Pskov Oblast,Russia,2022-01-02 08:34:12,57.5358729,28.8586826,71381,1263,,,,11213.80073081914,,,1.7693784060184083,64357,RUS,,,4634,160
Rostov Oblast,Russia,2022-01-02 08:34:12,47.6222451,40.7957942,194305,9631,,,,4603.890768097825,,,4.956640333496306,64358,RUS,,,16151,764
Ryazan Oblast,Russia,2022-01-02 08:34:12,54.42267320000001,40.57052460000001,61632,2514,,,,5495.624508459403,,,4.07904984423676,64359,RUS,,,5240,468
Saint Petersburg,Russia,2022-01-02 08:34:12,59.9606739,30.158655100000004,853442,28092,,,,15946.419379159126,,,3.2916120837737073,64360,RUS,,,55991,1655
Sakha (Yakutiya) Republic,Russia,2022-01-02 08:34:12,66.941626,129.642371,76153,1790,,,,7896.985471778333,,,2.3505311675180227,64361,RUS,,,4673,87
Sakhalin Oblast,Russia,2022-01-02 08:34:12,49.7219665,143.448533,42305,536,,,,8630.485473733173,,,1.2669897175274791,64362,RUS,,,4004,82
Samara Oblast,Russia,2022-01-02 08:34:12,53.2128813,50.8914633,200324,6290,,,,6272.839261077296,,,3.1399133403885706,64363,RUS,,,16904,660
Saratov Oblast,Russia,2022-01-02 08:34:12,51.6520555,46.86319520000001,133304,5061,,,,5412.371343307822,,,3.796585248754726,64364,RUS,,,10758,357
Smolensk Oblast,Russia,2022-01-02 08:34:12,55.03434960000001,33.0192065,85145,2369,,,,8968.786999077261,,,2.782312525691468,64365,RUS,,,5855,199
Stavropol Krai,Russia,2022-01-02 08:34:12,44.86325770000001,43.4406913,126050,6100,,,,4500.70233093891,,,4.8393494644982145,64366,RUS,,,11340,749
Sverdlovsk Oblast,Russia,2022-01-02 08:34:12,58.6414755,61.8021546,199129,9432,,,,4603.866222022465,,,4.736628015005349,64367,RUS,,,17069,872
Tambov Oblast,Russia,2022-01-02 08:34:12,52.9019574,41.3578918,61246,1715,,,,5925.778286917349,,,2.800182869085328,64368,RUS,,,5754,256
Tatarstan Republic,Russia,2022-01-02 08:34:12,55.7648572,52.43104273,42793,1442,,,,1098.8669547470088,,,3.3697099992989505,64369,RUS,,,3799,160
Tomsk Oblast,Russia,2022-01-02 08:34:12,58.6124279,82.04753149999998,62005,675,,,,5750.361687131357,,,1.088621885331828,64370,RUS,,,5241,40
Tula Oblast,Russia,2022-01-02 08:34:12,53.9570701,37.3690909,75378,4264,,,,5052.635812461667,,,5.656822945687071,64371,RUS,,,6435,321
Tver Oblast,Russia,2022-01-02 08:34:12,57.1134475,35.174442799999994,98924,2369,,,,7705.123481839714,,,2.3947677004569163,64372,RUS,,,9060,219
Tyumen Oblast,Russia,2022-01-02 08:34:12,58.8206488,70.36588370000001,90396,3398,,,,2448.1637959051027,,,3.759015885658657,64373,RUS,,,8273,470
Tyva Republic,Russia,2022-01-02 08:34:12,51.4017149,93.8582593,31568,319,,,,9812.19810892634,,,1.0105169792194628,64374,RUS,,,749,14
Udmurt Republic,Russia,2022-01-02 08:34:12,57.1961165,52.69598320000001,79106,3240,,,,5228.268312091387,,,4.095770232346472,64375,RUS,,,3426,147
Ulyanovsk Oblast,Russia,2022-01-02 08:34:12,54.1463177,47.2324921,120707,3787,,,,9682.757669149649,,,3.137349118112454,64376,RUS,,,7952,349
Vladimir Oblast,Russia,2022-01-02 08:34:12,56.0503336,40.6561633,81498,2927,,,,5912.777499261792,,,3.591499177893936,64377,RUS,,,7803,281
Volgograd Oblast,Russia,2022-01-02 08:34:12,49.6048339,44.29035820000001,129440,5545,,,,5133.90838607118,,,4.283838071693449,64378,RUS,,,9860,824
Vologda Oblast,Russia,2022-01-02 08:34:12,60.0391461,43.1215213,100053,2969,,,,8502.926431707954,,,2.9674272635503183,64379,RUS,,,8436,337
Voronezh Oblast,Russia,2022-01-02 08:34:12,50.9800393,40.15065070000001,194396,6923,,,,8329.705437729886,,,3.5612872692853763,64380,RUS,,,14169,997
Yamalo-Nenets Autonomous Okrug,Russia,2022-01-02 08:34:12,67.1471631,74.3415488,62077,955,,,,11526.756253400354,,,1.5384119722280394,64381,RUS,,,3111,77
Yaroslavl Oblast,Russia,2022-01-02 08:34:12,57.77819760000001,39.0021095,85805,1890,,,,6779.338286649749,,,2.2026688421420664,64382,RUS,,,7291,317
Zabaykalsky Krai,Russia,2022-01-02 08:34:12,52.248521,115.956325,96074,1849,,,,8955.39361263826,,,1.9245581530903264,64383,RUS,,,7084,189
Andalusia,Spain,2022-01-02 08:34:12,37.5443,-4.7278,944337,11478,,,,11205.549039117024,,,1.2154559230444215,72401,ESP,,,118143,128
Aragon,Spain,2022-01-02 08:34:12,41.5976,-0.9057,214247,4077,,,,16223.631024408862,,,1.9029437985129316,72402,ESP,,,42184,117
Asturias,Spain,2022-01-02 08:34:12,43.3614,-5.8593,96040,2157,,,,9395.375682959875,,,2.2459391920033323,72403,ESP,,,21120,63
Baleares,Spain,2022-01-02 08:34:12,39.710358,2.995148,130704,1065,,,,10999.983168100183,,,0.8148182152038194,72404,ESP,,,23856,40
C. Valenciana,Spain,2022-01-02 08:34:12,39.484,-0.7533,628453,8090,,,,12632.29981935566,,,1.2872879913056343,72411,ESP,,,91275,177
Canarias,Spain,2022-01-02 08:34:12,28.2916,-16.6291,149021,1136,,,,6752.500451991275,,,0.7623086679058656,72405,ESP,,,44135,81
Cantabria,Spain,2022-01-02 08:34:12,43.1828,-3.9878,59700,626,,,,10264.063228004903,,,1.0485762144053599,72406,ESP,,,11054,10
Castilla - La Mancha,Spain,2022-01-02 08:34:12,39.2796,-3.0977,281580,6584,,,,13837.691418203654,,,2.3382342495915904,72407,ESP,,,35775,47
Castilla y Leon,Spain,2022-01-02 08:34:12,41.8357,-4.3976,389041,7553,,,,16157.9793108289,,,1.941440619369167,72408,ESP,,,76272,125
Catalonia,Spain,2022-01-02 08:34:12,41.5912,1.5209,1167381,16124,,,,15428.423255296982,,,1.3812114468198469,72409,ESP,,,197047,89
Ceuta,Spain,2022-01-02 08:34:12,35.8894,-5.3213,9285,131,,,,10945.549281495714,,,1.4108777598276792,72410,ESP,,,1546,1
Extremadura,Spain,2022-01-02 08:34:12,39.4937,-6.0679,131237,2013,,,,12317.819009145654,,,1.5338662115104733,72412,ESP,,,26029,14
Galicia,Spain,2022-01-02 08:34:12,42.5751,-8.1339,246821,2754,,,,9140.025647662733,,,1.1157883648473996,72413,ESP,,,50183,80
La Rioja,Spain,2022-01-02 08:34:12,42.2871,-2.5396,52176,844,,,,16639.29381224667,,,1.6176019625881632,72419,ESP,,,11168,14
Madrid,Spain,2022-01-02 08:34:12,40.4168,-3.7038,1114550,16373,,,,16781.224060470526,,,1.4690233726616122,72414,ESP,,,195639,71
Melilla,Spain,2022-01-02 08:34:12,35.2923,-2.9381,12793,121,,,,15105.857903623848,,,0.945829750644884,72415,ESP,,,1428,8
Murcia,Spain,2022-01-02 08:34:12,37.9922,-1.1307,178441,1828,,,,11994.719234127622,,,1.0244282423882405,72416,ESP,,,29892,60
Navarra,Spain,2022-01-02 08:34:12,42.6954,-1.6761,124046,1295,,,,19085.58557172442,,,1.043967560421134,72417,ESP,,,33589,29
Pais Vasco,Spain,2022-01-02 08:34:12,42.9896,-2.6189,364892,5156,,,,16754.458464194537,,,1.4130208390427852,72418,ESP,,,81452,92
Unknown,Spain,2022-01-02 08:34:12,,,0,0,,,,,,,,72420,ESP,,,0,0
Blekinge,Sweden,2022-01-02 08:34:12,56.2784,15.018,15508,136,,,,9716.4267007506,,,0.8769667268506577,75201,SWE,,,1350,5
Dalarna,Sweden,2022-01-02 08:34:12,61.0917,14.6664,32477,361,,,,11278.067549641277,,,1.1115558703082182,75202,SWE,,,2959,2
Gavleborg,Sweden,2022-01-02 08:34:12,61.3012,16.1534,41608,574,,,,14478.290219985942,,,1.379542395693136,75203,SWE,,,2644,8
Gotland,Sweden,2022-01-02 08:34:12,57.4684,18.4867,5049,54,,,,8459.27018061187,,,1.0695187165775402,75204,SWE,,,295,0
Halland,Sweden,2022-01-02 08:34:12,56.8967,12.8034,48813,339,,,,14621.324674702259,,,0.694487124331633,75205,SWE,,,3868,10
Jamtland Harjedalen,Sweden,2022-01-02 08:34:12,63.1712,14.9592,14847,129,,,,11350.049690390642,,,0.868862396443726,75206,SWE,,,1332,1
Jonkoping,Sweden,2022-01-02 08:34:12,57.3708,14.3439,49308,571,,,,13561.093402347089,,,1.1580270949947271,75207,SWE,,,2663,4
Kalmar,Sweden,2022-01-02 08:34:12,57.235,16.1849,29122,261,,,,11864.931593914751,,,0.8962296545566926,75208,SWE,,,2172,6
Kronoberg,Sweden,2022-01-02 08:34:12,56.7183,14.4115,25353,331,,,,12584.070005807343,,,1.3055654163215398,75209,SWE,,,1277,3
Norrbotten,Sweden,2022-01-02 08:34:12,66.8309,20.3992,30087,299,,,,12030.324719204456,,,0.9937846910625852,75210,SWE,,,1261,4
Orebro,Sweden,2022-01-02 08:34:12,59.535,15.0066,39550,360,,,,12975.508931940092,,,0.9102402022756004,75211,SWE,,,3245,5
Ostergotland,Sweden,2022-01-02 08:34:12,58.3454,15.5198,47837,664,,,,10276.587288800094,,,1.3880469092961516,75212,SWE,,,2017,3
Skane,Sweden,2022-01-02 08:34:12,55.9903,13.5958,191383,1829,,,,13890.205374114455,,,0.955675268963283,75213,SWE,,,18681,15
Sormland,Sweden,2022-01-02 08:34:12,59.0336,16.7519,30652,489,,,,10301.80816024736,,,1.5953282004436904,75214,SWE,,,2068,4
Stockholm,Sweden,2022-01-02 08:34:12,59.6025,18.1384,320190,4568,,,,13469.881758341427,,,1.4266529248258846,75215,SWE,,,29830,35
Uppsala,Sweden,2022-01-02 08:34:12,60.0092,17.2715,48238,555,,,,12571.37495993099,,,1.1505452133173018,75216,SWE,,,3644,5
Varmland,Sweden,2022-01-02 08:34:12,59.7294,13.2354,25471,232,,,,9019.028801688302,,,0.9108397785717092,75217,SWE,,,2819,4
Vasterbotten,Sweden,2022-01-02 08:34:12,65.3337,16.5162,28522,203,,,,10496.216916418876,,,0.7117312951405932,75218,SWE,,,1321,1
Vasternorrland,Sweden,2022-01-02 08:34:12,63.4276,17.7292,30435,488,,,,12404.87961947772,,,1.6034171184491541,75219,SWE,,,1872,0
Vastmanland,Sweden,2022-01-02 08:34:12,59.6714,16.2159,37431,383,,,,13569.577117584153,,,1.0232160508669286,75220,SWE,,,4002,8
Vastra Gotaland,Sweden,2022-01-02 08:34:12,58.2528,13.0596,222903,2484,,,,12915.316872947787,,,1.1143860782492834,75221,SWE,,,13319,17
Alabama,US,2022-01-02 08:34:12,32.3182,-86.9023,896614,16455,,,1,18286.358764762088,6547917,,1.8352379061669792,84000001,USA,133544.1554826098,,48477,270
Alaska,US,2022-01-02 08:34:12,61.3707,-152.4044,157169,978,,,2,21484.52931808706,3685702,,0.6222601149081561,84000002,USA,503824.3717064569,,5185,95
American Samoa,US,2022-01-02 08:34:12,-14.271,-170.132,10,0,,,60,17.97235851260761,2140,,0.0,16,ASM,3846.084721698028,,0,0
Arizona,US,2022-01-02 08:34:12,33.7298,-111.4312,1389708,24354,,,4,19092.760441160164,15633314,,1.7524544724503277,84000004,USA,214781.1764078752,,101474,1793
Arkansas,US,2022-01-02 08:34:12,34.9697,-92.3731,570641,9180,,,5,18909.14718119533,4429616,,1.608717214500886,84000005,USA,146782.75991416274,,37668,459
California,US,2022-01-02 08:34:12,36.1162,-119.6816,5515250,76520,,,6,13958.33891704853,120326595,,1.3874257739902995,84000006,USA,304530.0564334232,,406883,1720
Colorado,US,2022-01-02 08:34:12,39.0598,-105.3111,929275,10271,,,8,16136.787656180106,14205459,,1.1052702375507788,84000008,USA,246676.6839111916,,90688,927
Connecticut,US,2022-01-02 08:34:12,41.5978,-72.7554,510188,9160,,,9,14309.871827990286,11944654,,1.795416591530965,84000009,USA,335026.4368618852,,84913,235
Delaware,US,2022-01-02 08:34:12,39.3185,-75.5071,183880,2286,,,10,18883.42555280335,2734137,,1.2432020883184685,84000010,USA,280780.25065621646,,27958,92
Diamond Princess,US,2022-01-02 08:34:12,,,49,0,,,88888,,,,0.0,84088888,USA,,,0,0
District of Columbia,US,2022-01-02 08:34:12,38.8974,-77.0268,94286,1211,,,11,13359.707204686085,2665457,,1.2843900473028869,84000011,USA,377677.7579564406,,26856,14
Florida,US,2022-01-02 08:34:12,27.7663,-81.6868,4209927,62504,,,12,19601.352786841555,46621555,,1.4846813258282152,84000012,USA,217069.21450802754,,468869,803
Georgia,US,2022-01-02 08:34:12,33.0406,-83.6431,1839879,31443,,,13,17328.865959282208,14077689,,1.708971079076396,84000013,USA,132590.45062064493,,171004,788
Grand Princess,US,2022-01-02 08:34:12,,,103,3,,,99999,,,,2.9126213592233015,84099999,USA,,,0,0
Guam,US,2022-01-02 08:34:12,13.4443,144.7937,19618,270,,,66,11945.515103909785,275347,,1.3762870832908554,316,GUM,167660.40102539747,,371,4
Hawaii,US,2022-01-02 08:34:12,21.0943,-157.4983,115642,1094,,,15,8167.546218867243,3030679,,0.9460230712025044,84000015,USA,214050.3520092212,,27495,62
Idaho,US,2022-01-02 08:34:12,44.2405,-114.4788,319382,4162,,,16,17871.873714722184,1088283,,1.3031416923934351,84000016,USA,60897.78491548992,,10513,192
Illinois,US,2022-01-02 08:34:12,40.3495,-88.9861,2149548,30254,,,17,16963.213100942634,44469630,,1.4074586843373584,84000017,USA,350933.2241987951,,314472,1286
Indiana,US,2022-01-02 08:34:12,39.8494,-86.2583,1246854,19037,,,18,18520.698747322396,16649638,,1.5268026569269535,84000018,USA,247312.78052600488,,128519,1325
Iowa,US,2022-01-02 08:34:12,42.0115,-93.2105,575501,7858,,,19,18240.514473529907,1828357,,1.3654190001407471,84000019,USA,57949.80776971668,,40878,413
Kansas,US,2022-01-02 08:34:12,38.5266,-96.7265,520388,7006,,,20,17862.406867230926,2011163,,1.3463031430394243,84000020,USA,69033.51303704304,,45084,272
Kentucky,US,2022-01-02 08:34:12,37.6681,-84.6701,856145,12118,,,21,19163.107953514056,8234520,,1.4154144449830344,84000021,USA,184313.3998392452,,58988,960
Louisiana,US,2022-01-02 08:34:12,31.1695,-91.8678,828695,14986,,,22,17826.021114293297,10841771,,1.808385473545756,84000022,USA,233216.8515103057,,55906,160
Maine,US,2022-01-02 08:34:12,44.6939,-69.3819,146736,1531,,,23,10916.135252475056,3426009,,1.0433704067168248,84000023,USA,254871.18103394407,,23618,195
Maryland,US,2022-01-02 08:34:12,39.0639,-76.8021,700553,11758,,,24,11587.66259544005,16203865,,1.6783883589107462,84000024,USA,268023.8616665123,,107874,503
Massachusetts,US,2022-01-02 08:34:12,42.2302,-71.5301,1140614,20273,,,25,16548.618114493383,36269164,,1.7773760448319942,84000025,USA,526211.7985295039,,204770,784
Michigan,US,2022-01-02 08:34:12,43.3266,-84.5361,1710325,29020,,,26,17125.75838424441,20075658,,1.6967535409936707,84000026,USA,201020.78161327433,,193000,2912
Minnesota,US,2022-01-02 08:34:12,45.6945,-93.9002,1022212,10656,,,27,18125.50889845295,13907415,,1.0424452070607662,84000027,USA,246601.4626486267,,95281,916
Mississippi,US,2022-01-02 08:34:12,32.7416,-89.6787,543737,10450,,,28,18269.81780818097,2798800,,1.9218850289754053,84000028,USA,94040.99055524438,,28233,154
Missouri,US,2022-01-02 08:34:12,38.4561,-92.2884,1013458,16228,,,29,16512.747685186692,8404783,,1.601250372487069,84000029,USA,136943.08104306884,,88500,662
Montana,US,2022-01-02 08:34:12,46.9219,-110.4544,197724,2906,,,30,18500.006549536007,2315881,,1.4697254759159233,84000030,USA,216684.94299096728,,5488,167
Nebraska,US,2022-01-02 08:34:12,41.1254,-98.2681,338257,3338,,,31,17486.33173560076,4461389,,0.9868236281880346,84000031,USA,230633.29969685816,,24322,158
Nevada,US,2022-01-02 08:34:12,38.3135,-117.0554,484641,8419,,,32,15734.300470495651,5065309,,1.7371621468262075,84000032,USA,164449.75514227198,,24684,350
New Hampshire,US,2022-01-02 08:34:12,43.4525,-71.5639,198667,1961,,,33,14610.97247871055,3129716,,0.987078880740133,84000033,USA,230175.08867693212,,33093,222
New Jersey,US,2022-01-02 08:34:12,40.2989,-74.521,1596644,29053,,,34,17975.79200625071,16751206,,1.8196291721886655,84000034,USA,188593.19604737122,,327412,601
New Mexico,US,2022-01-02 08:34:12,34.8405,-106.2485,350043,5855,,,35,16693.92210809751,5679946,,1.6726516456549625,84000035,USA,270882.65185191546,,29523,448
New York,US,2022-01-02 08:34:12,42.1657,-74.9481,3517696,59585,,,36,18082.5299799867,88486794,,1.693864393057274,84000036,USA,454861.6780238847,,748072,1860
North Carolina,US,2022-01-02 08:34:12,35.6301,-79.8064,1686667,19426,,,37,16081.74572209757,18909822,,1.1517389028183986,84000037,USA,180298.15550676367,,142123,601
North Dakota,US,2022-01-02 08:34:12,47.5289,-99.784,174626,2057,,,38,22914.933430613262,2046905,,1.1779460103306496,84000038,USA,268600.84874983924,,10087,104
Northern Mariana Islands,US,2022-01-02 08:34:12,15.0979,145.6739,3287,14,,,69,5960.7572900043515,17542,,0.4259202920596288,580,MNP,31811.25779776585,,2105,9
Ohio,US,2022-01-02 08:34:12,40.3888,-82.7649,2016095,29447,,,39,17247.64951963796,19365689,,1.46059585485803,84000039,USA,165673.05438399874,,290426,1464
Oklahoma,US,2022-01-02 08:34:12,35.5653,-96.9289,708938,12419,,,40,17916.178814552848,4879519,,1.7517751904962071,84000040,USA,123314.4999040933,,38518,420
Oregon,US,2022-01-02 08:34:12,44.572,-122.0709,421263,5655,,,41,9987.891611070107,8660884,,1.342391807493181,84000041,USA,205344.33512568468,,26694,412
Pennsylvania,US,2022-01-02 08:34:12,40.5908,-77.2098,2059613,36714,,,42,16088.226602913031,21489199,,1.782567890181311,84000042,USA,167858.28358390243,,286553,2855
Puerto Rico,US,2022-01-02 08:34:12,18.2208,-66.5901,272724,3308,,,72,8539.453059685744,3476938,,1.212947888707998,630,PRI,108868.85218183082,,83617,36
Rhode Island,US,2022-01-02 08:34:12,41.6809,-71.5118,231096,3066,,,44,21814.65996954768,6604080,,1.3267213625506282,84000044,USA,623402.2207727111,,36238,125
South Carolina,US,2022-01-02 08:34:12,33.8569,-80.945,975320,14636,,,45,18942.982655474745,10658180,,1.5006356887995735,84000045,USA,207006.64282381968,,53598,364
South Dakota,US,2022-01-02 08:34:12,44.2998,-99.4388,179204,2486,,,46,20256.844727742555,1137161,,1.3872458204057945,84000046,USA,128542.29708848268,,10933,129
Tennessee,US,2022-01-02 08:34:12,35.7478,-86.6923,1412302,20842,,,47,20680.421966111862,11193752,,1.4757466887393773,84000047,USA,163910.7745680517,,89080,3452
Texas,US,2022-01-02 08:34:12,31.0545,-97.5635,4585629,75744,,,48,15814.760034364881,38884870,,1.6517690375736895,84000048,USA,134104.8061274634,,234294,1575
Utah,US,2022-01-02 08:34:12,40.15,-111.8624,636992,3787,,,49,19869.00639372069,5051218,,0.5945129609163067,84000049,USA,157557.2106683868,,35040,223
Vermont,US,2022-01-02 08:34:12,44.0459,-72.7107,64447,471,,,50,10328.22693989798,2846397,,0.7308330876534206,84000050,USA,456161.4066914641,,12252,55
Virgin Islands,US,2022-01-02 08:34:12,18.3358,-64.8963,10106,89,,,78,9421.262631912592,249281,,0.8806649515139521,850,VIR,232390.8341723533,,2118,2
Virginia,US,2022-01-02 08:34:12,37.7693,-78.17,1118518,15587,,,51,13104.276377335696,11196374,,1.3935403811114349,84000051,USA,131173.90987003836,,141919,834
Washington,US,2022-01-02 08:34:12,47.4009,-121.4905,849075,9853,,,53,11150.189503647654,9958651,,1.1604393015929098,84000053,USA,130778.60713210286,,68240,440
West Virginia,US,2022-01-02 08:34:12,38.4912,-80.9545,328162,5336,,,54,18311.10952393972,4938024,,1.6260261700014018,84000054,USA,275536.7723741412,,28335,374
Wisconsin,US,2022-01-02 08:34:12,44.2685,-89.6165,1120663,11173,,,55,19247.32852274496,13355370,,0.996999097855466,84000055,USA,229377.78255622988,,122975,1039
Wyoming,US,2022-01-02 08:34:12,42.756,-107.3025,115638,1526,,,56,19980.337238816155,1202206,,1.319635413964268,84000056,USA,207721.34860969766,,3826,98
Cherkasy Oblast,Ukraine,2022-01-02 08:34:12,49.4444,32.0598,129174,2622,,,,10707.828815991366,,,2.0298202424636536,80401,UKR,,,8745,336
Chernihiv Oblast,Ukraine,2022-01-02 08:34:12,51.4982,31.2893,94995,2438,,,,9445.237112787041,,,2.5664508658350442,80402,UKR,,,4563,258
Chernivtsi Oblast,Ukraine,2022-01-02 08:34:12,48.2917,25.9352,119485,3006,,,,13211.90127093437,,,2.5157969619617524,80403,UKR,,,2993,152
Crimea Republic*,Ukraine,2022-01-02 08:34:12,45.2835,34.2008,126975,4371,,,,6634.945036684884,,,3.4424099232132317,80404,UKR,,,5814,666
Dnipropetrovsk Oblast,Ukraine,2022-01-02 08:34:12,48.4647,35.0462,242261,8841,,,,7555.363721617215,,,3.649369894452677,80405,UKR,,,7281,757
Donetsk Oblast,Ukraine,2022-01-02 08:34:12,48.0159,37.8028,168069,5108,,,,4034.397360859031,,,3.0392279361452736,80406,UKR,,,10770,446
Ivano-Frankivsk Oblast,Ukraine,2022-01-02 08:34:12,48.9226,24.7111,127606,3103,,,,9292.249346805977,,,2.431703838377506,80407,UKR,,,5229,199
Kharkiv Oblast,Ukraine,2022-01-02 08:34:12,49.9935,36.2304,243347,6361,,,,9095.050900770591,,,2.6139627774330485,80408,UKR,,,6470,548
Kherson Oblast,Ukraine,2022-01-02 08:34:12,46.6354,32.6169,78827,2685,,,,7596.758027832387,,,3.406193309399064,80409,UKR,,,1922,153
Khmelnytskyi Oblast,Ukraine,2022-01-02 08:34:12,49.423,26.9871,146927,3329,,,,11617.491826157087,,,2.265751019213623,80410,UKR,,,7000,303
Kiev,Ukraine,2022-01-02 08:34:12,50.4501,30.5234,332912,8199,,,,11282.092991731057,,,2.4628129956264715,80411,UKR,,,28119,542
Kiev Oblast,Ukraine,2022-01-02 08:34:12,50.053,30.7667,185684,4670,,,,10502.845119178251,,,2.5150255272398265,80412,UKR,,,9450,385
Kirovohrad Oblast,Ukraine,2022-01-02 08:34:12,48.5079,32.2623,33115,1525,,,,3502.1981938535173,,,4.605163823040918,80413,UKR,,,2923,248
Luhansk Oblast,Ukraine,2022-01-02 08:34:12,48.574,39.3078,59815,2207,,,,2779.7231476606225,,,3.689709938978517,80414,UKR,,,2014,179
Lviv Oblast,Ukraine,2022-01-02 08:34:12,49.8397,24.0297,220451,5994,,,,8741.045375910828,,,2.7189715628416287,80415,UKR,,,8845,431
Mykolaiv Oblast,Ukraine,2022-01-02 08:34:12,46.975,31.9946,115491,3281,,,,4579.303661626926,,,2.840914010615546,80416,UKR,,,5871,205
Odessa Oblast,Ukraine,2022-01-02 08:34:12,46.4846,30.7326,240430,5570,,,,10100.793678801228,,,2.316682610323171,80417,UKR,,,9970,275
Poltava Oblast,Ukraine,2022-01-02 08:34:12,49.5883,34.5514,140384,3738,,,,10024.285241984837,,,2.66269660360155,80418,UKR,,,11209,443
Rivne Oblast,Ukraine,2022-01-02 08:34:12,50.6199,26.2516,127582,2269,,,,11024.098311502366,,,1.7784640466523491,80419,UKR,,,5270,179
Sevastopol*,Ukraine,2022-01-02 08:34:12,44.6054,33.522,52747,1840,,,,11901.103537592706,,,3.4883500483439818,80420,UKR,,,3180,121
Sumy Oblast,Ukraine,2022-01-02 08:34:12,50.9077,34.7981,131144,2833,,,,12127.04060779458,,,2.160220825962301,80421,UKR,,,4729,217
Ternopil Oblast,Ukraine,2022-01-02 08:34:12,49.5535,25.5948,107615,2119,,,,10289.431186590418,,,1.9690563583143612,80422,UKR,,,4389,144
Vinnytsia Oblast,Ukraine,2022-01-02 08:34:12,49.2331,28.4682,112505,3113,,,,7210.037977587713,,,2.7669881338607167,80423,UKR,,,6231,337
Volyn Oblast,Ukraine,2022-01-02 08:34:12,50.7472,25.3254,103836,2182,,,,10029.26603112051,,,2.1013906544936245,80424,UKR,,,7611,173
Zakarpattia Oblast,Ukraine,2022-01-02 08:34:12,48.6208,22.2879,88054,2375,,,,7006.19508880476,,,2.697208531128626,80425,UKR,,,6271,283
Zaporizhia Oblast,Ukraine,2022-01-02 08:34:12,47.8388,35.1396,182349,5269,,,,10689.714603279564,,,2.889514063691054,80426,UKR,,,8599,686
Zhytomyr Oblast,Ukraine,2022-01-02 08:34:12,50.2547,28.6587,140617,3252,,,,11524.160522146909,,,2.312664898269768,80427,UKR,,,5346,208
Anguilla,United Kingdom,2022-01-02 08:34:12,18.2206,-63.0686,1674,5,,,,11158.51219837355,,,0.2986857825567503,660,AIA,,,260,2
Bermuda,United Kingdom,2022-01-02 08:34:12,32.3078,-64.7505,6420,110,,,,10309.443900245693,,,1.7133956386292837,60,BMU,,,669,4
British Virgin Islands,United Kingdom,2022-01-02 08:34:12,18.4207,-64.64,3492,39,,,,11548.764758408572,,,1.1168384879725086,92,VGB,,,683,1
Cayman Islands,United Kingdom,2022-01-02 08:34:12,19.3133,-81.2546,8943,12,,,,13607.729762629337,,,0.13418316001341832,136,CYM,,,1414,5
Channel Islands,United Kingdom,2022-01-02 08:34:12,49.3723,-2.3644,27507,113,,,,16133.232452976265,,,0.4108045224851856,8261,GBR,,,8614,9
England,United Kingdom,2022-01-02 08:34:12,52.3555,-1.1743,11151423,129373,,,,19921.366199095344,,,1.1601479022004637,82601,GBR,,,2310229,2792
Falkland Islands (Malvinas),United Kingdom,2022-01-02 08:34:12,-51.7963,-59.5236,83,0,,,,2383.0031581969565,,,0.0,238,FLK,,,0,0
Gibraltar,United Kingdom,2022-01-02 08:34:12,36.1408,-5.3536,8794,100,,,,26101.926330474013,,,1.137138958380714,292,GIB,,,1434,1
Isle of Man,United Kingdom,2022-01-02 08:34:12,54.2361,-4.5481,13695,67,,,,16105.701383008747,,,0.4892296458561519,833,IMN,,,1834,0
Montserrat,United Kingdom,2022-01-02 08:34:12,16.742498,-62.187366,50,1,,,,1000.2000400080016,,,2.0,500,MSR,,,6,0
Northern Ireland,United Kingdom,2022-01-02 08:34:12,54.7877,-6.4923,402069,2980,,,,21368.463010204083,,,0.7411663172241579,82602,GBR,,,75308,86
"Saint Helena, Ascension and Tristan da Cunha",United Kingdom,2022-01-02 08:34:12,-7.9467,-14.3559,4,0,,,,70.65889418830595,,,0.0,654,SHN,,,0,0
Scotland,United Kingdom,2022-01-02 08:34:12,56.4907,-4.2026,914841,9858,,,,16745.20893965186,,,1.077564298058351,82603,GBR,,,177838,210
Turks and Caicos Islands,United Kingdom,2022-01-02 08:34:12,21.694000000000006,-71.7979,3560,26,,,,9194.689808357867,,,0.7303370786516854,796,TCA,,,305,1
Unknown,United Kingdom,2022-01-02 08:34:12,,,0,0,,,,,,,,82605,GBR,,,0,0
Wales,United Kingdom,2022-01-02 08:34:12,52.1307,-3.7837,632125,6567,,,,20140.34920028038,,,1.0388768044295036,82604,GBR,,,115979,139
